Workbook

Sheet feedback_send
C3: ='(1-2) 기초자료_퇴직급여 '!D12&" feedback" -> feedback
C6: (1_1) 기초자료_퇴직급여 시트에서 다음 사항 누락되었습니다. 기재 부탁드립니다.
B8: 1 | C8: 사외적립자산
B10: =B8+1 -> 2 | C10: 국민연금전환금
B12: =B10+1 -> 3 | C12: 정년
B14: =B12+1 -> 4 | C14: 1년미만 근무기간 처리방법
B16: =B14+1 -> 5 | C16: 임금상승률
B18: 6 | C18: 채권등급
C22: (2-2) 재직자 명부 시트에서 다음사항 확인 부탁드립니다.
B24: 1 | C24: 빈칸 있는 곳 확인하여 채워 달라고 전달.
B26: 2 | C26: 다음 재직자 분들은 평균임금이 1,000,000원 미만입니다.
C27: 회사 정책상 그러 할 수 있으나, 확인 부탁드립니다.
C29: 사원번호 | D29: 평균임금
D30: =VLOOKUP(C30,'(2-2) 재직자 명부'!$B$2:$J$164,5,0) -> #N/A
D31: =VLOOKUP(C31,'(2-2) 재직자 명부'!$B$2:$J$164,5,0) -> #N/A
D32: =VLOOKUP(C32,'(2-2) 재직자 명부'!$B$2:$J$164,5,0) -> #N/A
D33: =VLOOKUP(C33,'(2-2) 재직자 명부'!$B$2:$J$164,5,0) -> #N/A
D34: =VLOOKUP(C34,'(2-2) 재직자 명부'!$B$2:$J$164,5,0) -> #N/A
B36: 3 | C36: 다음 재직자 분들의 명부 추계액과 gia산출 추계액 값 차이가 큽니다.
C37: 회사 정책상 그러 할 수 있으나, 확인 부탁드립니다.
C38: (중간정산일자 누락, 입사일자 오류, 적용배수 오류)
C40: 사원번호 | D40: 당년도퇴직금추계액 | E40: 차년도 퇴직금추계액
D41: =VLOOKUP(C41,'(2-2) 재직자 명부'!$B$2:$L$218,6,0) -> #N/A | E41: =VLOOKUP(C41,'(2-2) 재직자 명부'!$B$2:$L$218,7,0) -> #N/A

Sheet 재직자명부_시스템input
A1: 사원번호 | B1: 성명 | C1: 생년월일 | D1: 성별 (1:남자, 2:여자) | E1: 입사일자 | F1: 기준급여 | G1: 당년도 퇴직금추계액 | H1: 차년도 퇴직금추계액 | I1: 직종구분 (1,2:직원, 3:임원, 4:계약직) | J1: 중간정산기준일 | K1: 중간정산액 | L1: 적용제도번호 | M1: 직급 | N1: 추가CODE1 | O1: 추가CODE2 | P1: 추가CODE3 | Q1: 추가CODE4 | R1: 추가CODE5 | S1: 추가CODE6 | T1: 추가CODE7 | U1: 추가CODE8 | V1: 추가CODE9 | W1: 추가CODE10 | X1: 추가CHAR1 (가입여부 Y/N) | Y1: 추가CHAR2 (1:축소, 2:청산, 3:사업결합, 4:청산_중간정산) | Z1: 추가CHAR3 | AA1: 추가CHAR4 | AB1: 추가CHAR5 | AC1: 추가CHAR6 | AD1: 추가CHAR7 | AE1: 추가CHAR8 | AF1: 추가CHAR9 | AG1: 추가CHAR10 | AH1: 추가NUMBER1 추가지급률
A2: =IF('(2-2) 재직자 명부'!B2="","",'(2-2) 재직자 명부'!B2) -> 1 | B2: =A2 -> 1 | C2: =IF('(2-2) 재직자 명부'!C2="","",'(2-2) 재직자 명부'!C2) -> 19670702 | D2: =IF('(2-2) 재직자 명부'!D2="","",'(2-2) 재직자 명부'!D2) -> 1 | E2: =IF('(2-2) 재직자 명부'!E2="","",'(2-2) 재직자 명부'!E2) -> 36770 | F2: =IF('(2-2) 재직자 명부'!F2="","",'(2-2) 재직자 명부'!F2) -> 47270000 | G2: =IFERROR(IF('(2-2) 재직자 명부'!G2="",VLOOKUP(A2,추계액검증!$C:$V,추계액검증!#REF!,0),'(2-2) 재직자 명부'!G2),"") -> 3.59252e+09 | H2: =IFERROR(IF('(2-2) 재직자 명부'!H2="",VLOOKUP(A2,추계액검증!$C:$V,추계액검증!$T$4,0),'(2-2) 재직자 명부'!H2),"") -> 3.73433e+09 | I2: =IF('(2-2) 재직자 명부'!I2="","",'(2-2) 재직자 명부'!I2) -> 3 | J2: =IF('(2-2) 재직자 명부'!J2="","",'(2-2) 재직자 명부'!J2) | K2: =IF('(2-2) 재직자 명부'!K2="","",'(2-2) 재직자 명부'!K2) | L2: =IF('(2-2) 재직자 명부'!L2="","",'(2-2) 재직자 명부'!L2)
A3: =IF('(2-2) 재직자 명부'!B3="","",'(2-2) 재직자 명부'!B3) -> 2 | B3: =A3 -> 2 | C3: =IF('(2-2) 재직자 명부'!C3="","",'(2-2) 재직자 명부'!C3) -> 19691224 | D3: =IF('(2-2) 재직자 명부'!D3="","",'(2-2) 재직자 명부'!D3) -> 1 | E3: =IF('(2-2) 재직자 명부'!E3="","",'(2-2) 재직자 명부'!E3) -> 39083 | F3: =IF('(2-2) 재직자 명부'!F3="","",'(2-2) 재직자 명부'!F3) -> 77830000 | G3: =IFERROR(IF('(2-2) 재직자 명부'!G3="",VLOOKUP(A3,추계액검증!$C:$V,추계액검증!#REF!,0),'(2-2) 재직자 명부'!G3),"") -> 4436310000 | H3: =IFERROR(IF('(2-2) 재직자 명부'!H3="",VLOOKUP(A3,추계액검증!$C:$V,추계액검증!$T$4,0),'(2-2) 재직자 명부'!H3),"") -> 4669800000 | I3: =IF('(2-2) 재직자 명부'!I3="","",'(2-2) 재직자 명부'!I3) -> 3 | J3: =IF('(2-2) 재직자 명부'!J3="","",'(2-2) 재직자 명부'!J3) | K3: =IF('(2-2) 재직자 명부'!K3="","",'(2-2) 재직자 명부'!K3)
A4: =IF('(2-2) 재직자 명부'!B4="","",'(2-2) 재직자 명부'!B4) -> 3 | B4: =A4 -> 3 | C4: =IF('(2-2) 재직자 명부'!C4="","",'(2-2) 재직자 명부'!C4) -> 19580912 | D4: =IF('(2-2) 재직자 명부'!D4="","",'(2-2) 재직자 명부'!D4) -> 1 | E4: =IF('(2-2) 재직자 명부'!E4="","",'(2-2) 재직자 명부'!E4) -> 42811 | F4: =IF('(2-2) 재직자 명부'!F4="","",'(2-2) 재직자 명부'!F4) -> 23630000 | G4: =IFERROR(IF('(2-2) 재직자 명부'!G4="",VLOOKUP(A4,추계액검증!$C:$V,추계액검증!#REF!,0),'(2-2) 재직자 명부'!G4),"") -> 638010000 | H4: =IFERROR(IF('(2-2) 재직자 명부'!H4="",VLOOKUP(A4,추계액검증!$C:$V,추계액검증!$T$4,0),'(2-2) 재직자 명부'!H4),"") -> 708900000 | I4: =IF('(2-2) 재직자 명부'!I4="","",'(2-2) 재직자 명부'!I4) -> 3 | J4: =IF('(2-2) 재직자 명부'!J4="","",'(2-2) 재직자 명부'!J4) | K4: =IF('(2-2) 재직자 명부'!K4="","",'(2-2) 재직자 명부'!K4)
A5: =IF('(2-2) 재직자 명부'!B5="","",'(2-2) 재직자 명부'!B5) -> 4 | B5: =A5 -> 4 | C5: =IF('(2-2) 재직자 명부'!C5="","",'(2-2) 재직자 명부'!C5) -> 19681023 | D5: =IF('(2-2) 재직자 명부'!D5="","",'(2-2) 재직자 명부'!D5) -> 1 | E5: =IF('(2-2) 재직자 명부'!E5="","",'(2-2) 재직자 명부'!E5) -> 44927 | F5: =IF('(2-2) 재직자 명부'!F5="","",'(2-2) 재직자 명부'!F5) -> 12100000 | G5: =IFERROR(IF('(2-2) 재직자 명부'!G5="",VLOOKUP(A5,추계액검증!$C:$V,추계액검증!#REF!,0),'(2-2) 재직자 명부'!G5),"") -> 108900000 | H5: =IFERROR(IF('(2-2) 재직자 명부'!H5="",VLOOKUP(A5,추계액검증!$C:$V,추계액검증!$T$4,0),'(2-2) 재직자 명부'!H5),"") -> 145200000 | I5: =IF('(2-2) 재직자 명부'!I5="","",'(2-2) 재직자 명부'!I5) -> 3 | J5: =IF('(2-2) 재직자 명부'!J5="","",'(2-2) 재직자 명부'!J5) | K5: =IF('(2-2) 재직자 명부'!K5="","",'(2-2) 재직자 명부'!K5)
A6: =IF('(2-2) 재직자 명부'!B6="","",'(2-2) 재직자 명부'!B6) -> 5 | B6: =A6 -> 5 | C6: =IF('(2-2) 재직자 명부'!C6="","",'(2-2) 재직자 명부'!C6) -> 19641227 | D6: =IF('(2-2) 재직자 명부'!D6="","",'(2-2) 재직자 명부'!D6) -> 1 | E6: =IF('(2-2) 재직자 명부'!E6="","",'(2-2) 재직자 명부'!E6) -> 45292 | F6: =IF('(2-2) 재직자 명부'!F6="","",'(2-2) 재직자 명부'!F6) -> 15900000 | G6: =IFERROR(IF('(2-2) 재직자 명부'!G6="",VLOOKUP(A6,추계액검증!$C:$V,추계액검증!#REF!,0),'(2-2) 재직자 명부'!G6),"") -> 95400000 | H6: =IFERROR(IF('(2-2) 재직자 명부'!H6="",VLOOKUP(A6,추계액검증!$C:$V,추계액검증!$T$4,0),'(2-2) 재직자 명부'!H6),"") -> 143100000 | I6: =IF('(2-2) 재직자 명부'!I6="","",'(2-2) 재직자 명부'!I6) -> 3 | J6: =IF('(2-2) 재직자 명부'!J6="","",'(2-2) 재직자 명부'!J6) | K6: =IF('(2-2) 재직자 명부'!K6="","",'(2-2) 재직자 명부'!K6)
A7: =IF('(2-2) 재직자 명부'!B7="","",'(2-2) 재직자 명부'!B7) -> 6 | B7: =A7 -> 6 | C7: =IF('(2-2) 재직자 명부'!C7="","",'(2-2) 재직자 명부'!C7) -> 19930729 | D7: =IF('(2-2) 재직자 명부'!D7="","",'(2-2) 재직자 명부'!D7) -> 1 | E7: =IF('(2-2) 재직자 명부'!E7="","",'(2-2) 재직자 명부'!E7) -> 43435 | F7: =IF('(2-2) 재직자 명부'!F7="","",'(2-2) 재직자 명부'!F7) -> 4203350 | G7: =IFERROR(IF('(2-2) 재직자 명부'!G7="",VLOOKUP(A7,추계액검증!$C:$V,추계액검증!#REF!,0),'(2-2) 재직자 명부'!G7),"") -> 29773730 | H7: =IFERROR(IF('(2-2) 재직자 명부'!H7="",VLOOKUP(A7,추계액검증!$C:$V,추계액검증!$T$4,0),'(2-2) 재직자 명부'!H7),"") | I7: =IF('(2-2) 재직자 명부'!I7="","",'(2-2) 재직자 명부'!I7) -> 1 | J7: =IF('(2-2) 재직자 명부'!J7="","",'(2-2) 재직자 명부'!J7) | K7: =IF('(2-2) 재직자 명부'!K7="","",'(2-2) 재직자 명부'!K7)
A8: =IF('(2-2) 재직자 명부'!B8="","",'(2-2) 재직자 명부'!B8) -> 7 | B8: =A8 -> 7 | C8: =IF('(2-2) 재직자 명부'!C8="","",'(2-2) 재직자 명부'!C8) -> 19730205 | D8: =IF('(2-2) 재직자 명부'!D8="","",'(2-2) 재직자 명부'!D8) -> 1 | E8: =IF('(2-2) 재직자 명부'!E8="","",'(2-2) 재직자 명부'!E8) -> 43282 | F8: =IF('(2-2) 재직자 명부'!F8="","",'(2-2) 재직자 명부'!F8) -> 6465480 | G8: =IFERROR(IF('(2-2) 재직자 명부'!G8="",VLOOKUP(A8,추계액검증!$C:$V,추계액검증!#REF!,0),'(2-2) 재직자 명부'!G8),"") -> 48491100 | H8: =IFERROR(IF('(2-2) 재직자 명부'!H8="",VLOOKUP(A8,추계액검증!$C:$V,추계액검증!$T$4,0),'(2-2) 재직자 명부'!H8),"") | I8: =IF('(2-2) 재직자 명부'!I8="","",'(2-2) 재직자 명부'!I8) -> 1 | J8: =IF('(2-2) 재직자 명부'!J8="","",'(2-2) 재직자 명부'!J8) | K8: =IF('(2-2) 재직자 명부'!K8="","",'(2-2) 재직자 명부'!K8)
A9: =IF('(2-2) 재직자 명부'!B9="","",'(2-2) 재직자 명부'!B9) -> 8 | B9: =A9 -> 8 | C9: =IF('(2-2) 재직자 명부'!C9="","",'(2-2) 재직자 명부'!C9) -> 19860403 | D9: =IF('(2-2) 재직자 명부'!D9="","",'(2-2) 재직자 명부'!D9) -> 1 | E9: =IF('(2-2) 재직자 명부'!E9="","",'(2-2) 재직자 명부'!E9) -> 43997 | F9: =IF('(2-2) 재직자 명부'!F9="","",'(2-2) 재직자 명부'!F9) -> 4780400 | G9: =IFERROR(IF('(2-2) 재직자 명부'!G9="",VLOOKUP(A9,추계액검증!$C:$V,추계액검증!#REF!,0),'(2-2) 재직자 명부'!G9),"") -> 26514850 | H9: =IFERROR(IF('(2-2) 재직자 명부'!H9="",VLOOKUP(A9,추계액검증!$C:$V,추계액검증!$T$4,0),'(2-2) 재직자 명부'!H9),"") | I9: =IF('(2-2) 재직자 명부'!I9="","",'(2-2) 재직자 명부'!I9) -> 1 | J9: =IF('(2-2) 재직자 명부'!J9="","",'(2-2) 재직자 명부'!J9) | K9: =IF('(2-2) 재직자 명부'!K9="","",'(2-2) 재직자 명부'!K9)
A10: =IF('(2-2) 재직자 명부'!B10="","",'(2-2) 재직자 명부'!B10) -> 9 | B10: =A10 -> 9 | C10: =IF('(2-2) 재직자 명부'!C10="","",'(2-2) 재직자 명부'!C10) -> 19720823 | D10: =IF('(2-2) 재직자 명부'!D10="","",'(2-2) 재직자 명부'!D10) -> 1 | E10: =IF('(2-2) 재직자 명부'!E10="","",'(2-2) 재직자 명부'!E10) -> 35202 | F10: =IF('(2-2) 재직자 명부'!F10="","",'(2-2) 재직자 명부'!F10) -> 7846620 | G10: =IFERROR(IF('(2-2) 재직자 명부'!G10="",VLOOKUP(A10,추계액검증!$C:$V,추계액검증!#REF!,0),'(2-2) 재직자 명부'!G10),"") -> 232451640 | H10: =IFERROR(IF('(2-2) 재직자 명부'!H10="",VLOOKUP(A10,추계액검증!$C:$V,추계액검증!$T$4,0),'(2-2) 재직자 명부'!H10),"") | I10: =IF('(2-2) 재직자 명부'!I10="","",'(2-2) 재직자 명부'!I10) -> 1 | J10: =IF('(2-2) 재직자 명부'!J10="","",'(2-2) 재직자 명부'!J10) | K10: =IF('(2-2) 재직자 명부'!K10="","",'(2-2) 재직자 명부'!K10)
A11: =IF('(2-2) 재직자 명부'!B11="","",'(2-2) 재직자 명부'!B11) -> 10 | B11: =A11 -> 10 | C11: =IF('(2-2) 재직자 명부'!C11="","",'(2-2) 재직자 명부'!C11) -> 19760126 | D11: =IF('(2-2) 재직자 명부'!D11="","",'(2-2) 재직자 명부'!D11) -> 1 | E11: =IF('(2-2) 재직자 명부'!E11="","",'(2-2) 재직자 명부'!E11) -> 36557 | F11: =IF('(2-2) 재직자 명부'!F11="","",'(2-2) 재직자 명부'!F11) -> 6783220 | G11: =IFERROR(IF('(2-2) 재직자 명부'!G11="",VLOOKUP(A11,추계액검증!$C:$V,추계액검증!#REF!,0),'(2-2) 재직자 명부'!G11),"") -> 175798460 | H11: =IFERROR(IF('(2-2) 재직자 명부'!H11="",VLOOKUP(A11,추계액검증!$C:$V,추계액검증!$T$4,0),'(2-2) 재직자 명부'!H11),"") | I11: =IF('(2-2) 재직자 명부'!I11="","",'(2-2) 재직자 명부'!I11) -> 1 | J11: =IF('(2-2) 재직자 명부'!J11="","",'(2-2) 재직자 명부'!J11) | K11: =IF('(2-2) 재직자 명부'!K11="","",'(2-2) 재직자 명부'!K11)
A12: =IF('(2-2) 재직자 명부'!B12="","",'(2-2) 재직자 명부'!B12) -> 11 | B12: =A12 -> 11 | C12: =IF('(2-2) 재직자 명부'!C12="","",'(2-2) 재직자 명부'!C12) -> 19670727 | D12: =IF('(2-2) 재직자 명부'!D12="","",'(2-2) 재직자 명부'!D12) -> 1 | E12: =IF('(2-2) 재직자 명부'!E12="","",'(2-2) 재직자 명부'!E12) -> 36825 | F12: =IF('(2-2) 재직자 명부'!F12="","",'(2-2) 재직자 명부'!F12) -> 6564940 | G12: =IFERROR(IF('(2-2) 재직자 명부'!G12="",VLOOKUP(A12,추계액검증!$C:$V,추계액검증!#REF!,0),'(2-2) 재직자 명부'!G12),"") -> 165325580 | H12: =IFERROR(IF('(2-2) 재직자 명부'!H12="",VLOOKUP(A12,추계액검증!$C:$V,추계액검증!$T$4,0),'(2-2) 재직자 명부'!H12),"") | I12: =IF('(2-2) 재직자 명부'!I12="","",'(2-2) 재직자 명부'!I12) -> 1 | J12: =IF('(2-2) 재직자 명부'!J12="","",'(2-2) 재직자 명부'!J12) | K12: =IF('(2-2) 재직자 명부'!K12="","",'(2-2) 재직자 명부'!K12)
A13: =IF('(2-2) 재직자 명부'!B13="","",'(2-2) 재직자 명부'!B13) -> 12 | B13: =A13 -> 12 | C13: =IF('(2-2) 재직자 명부'!C13="","",'(2-2) 재직자 명부'!C13) -> 19800220 | D13: =IF('(2-2) 재직자 명부'!D13="","",'(2-2) 재직자 명부'!D13) -> 1 | E13: =IF('(2-2) 재직자 명부'!E13="","",'(2-2) 재직자 명부'!E13) -> 37902 | F13: =IF('(2-2) 재직자 명부'!F13="","",'(2-2) 재직자 명부'!F13) -> 6476000 | G13: =IFERROR(IF('(2-2) 재직자 명부'!G13="",VLOOKUP(A13,추계액검증!$C:$V,추계액검증!#REF!,0),'(2-2) 재직자 명부'!G13),"") -> 143977160 | H13: =IFERROR(IF('(2-2) 재직자 명부'!H13="",VLOOKUP(A13,추계액검증!$C:$V,추계액검증!$T$4,0),'(2-2) 재직자 명부'!H13),"") | I13: =IF('(2-2) 재직자 명부'!I13="","",'(2-2) 재직자 명부'!I13) -> 1 | J13: =IF('(2-2) 재직자 명부'!J13="","",'(2-2) 재직자 명부'!J13) | K13: =IF('(2-2) 재직자 명부'!K13="","",'(2-2) 재직자 명부'!K13)
A14: =IF('(2-2) 재직자 명부'!B14="","",'(2-2) 재직자 명부'!B14) -> 13 | B14: =A14 -> 13 | C14: =IF('(2-2) 재직자 명부'!C14="","",'(2-2) 재직자 명부'!C14) -> 19811219 | D14: =IF('(2-2) 재직자 명부'!D14="","",'(2-2) 재직자 명부'!D14) -> 1 | E14: =IF('(2-2) 재직자 명부'!E14="","",'(2-2) 재직자 명부'!E14) -> 39143 | F14: =IF('(2-2) 재직자 명부'!F14="","",'(2-2) 재직자 명부'!F14) -> 6594780 | G14: =IFERROR(IF('(2-2) 재직자 명부'!G14="",VLOOKUP(A14,추계액검증!$C:$V,추계액검증!#REF!,0),'(2-2) 재직자 명부'!G14),"") -> 124194170 | H14: =IFERROR(IF('(2-2) 재직자 명부'!H14="",VLOOKUP(A14,추계액검증!$C:$V,추계액검증!$T$4,0),'(2-2) 재직자 명부'!H14),"") | I14: =IF('(2-2) 재직자 명부'!I14="","",'(2-2) 재직자 명부'!I14) -> 1 | J14: =IF('(2-2) 재직자 명부'!J14="","",'(2-2) 재직자 명부'!J14) | K14: =IF('(2-2) 재직자 명부'!K14="","",'(2-2) 재직자 명부'!K14)
... A219: =IF('(2-2) 재직자 명부'!B219="","",'(2-2) 재직자 명부'!B219) | B219: =A219 | C219: =IF('(2-2) 재직자 명부'!C219="","",'(2-2) 재직자 명부'!C219) | D219: =IF('(2-2) 재직자 명부'!D219="","",'(2-2) 재직자 명부'!D219) | E219: =IF('(2-2) 재직자 명부'!E219="","",'(2-2) 재직자 명부'!E219) | F219: =IF('(2-2) 재직자 명부'!F219="","",'(2-2) 재직자 명부'!F219) | G219: =IFERROR(IF('(2-2) 재직자 명부'!G219="",VLOOKUP(A219,추계액검증!$C:$V,추계액검증!#REF!,0),'(2-2) 재직자 명부'!G219),"") | H219: =IFERROR(IF('(2-2) 재직자 명부'!H219="",VLOOKUP(A219,추계액검증!$C:$V,추계액검증!$T$4,0),'(2-2) 재직자 명부'!H219),"") | I219: =IF('(2-2) 재직자 명부'!I219="","",'(2-2) 재직자 명부'!I219) | J219: =IF('(2-2) 재직자 명부'!J219="","",'(2-2) 재직자 명부'!J219) | K219: =IF('(2-2) 재직자 명부'!K219="","",'(2-2) 재직자 명부'!K219)
B220: =A220 -> 0 | C220: =IF('(2-2) 재직자 명부'!C220="","",'(2-2) 재직자 명부'!C220) | D220: =IF('(2-2) 재직자 명부'!D220="","",'(2-2) 재직자 명부'!D220) | E220: =IF('(2-2) 재직자 명부'!E220="","",'(2-2) 재직자 명부'!E220) | F220: =IF('(2-2) 재직자 명부'!F220="","",'(2-2) 재직자 명부'!F220) | G220: =IFERROR(IF('(2-2) 재직자 명부'!G220="",VLOOKUP(A220,추계액검증!$C:$V,추계액검증!#REF!,0),'(2-2) 재직자 명부'!G220),"") | H220: =IFERROR(IF('(2-2) 재직자 명부'!H220="",VLOOKUP(A220,추계액검증!$C:$V,추계액검증!$T$4,0),'(2-2) 재직자 명부'!H220),"") | I220: =IF('(2-2) 재직자 명부'!I220="","",'(2-2) 재직자 명부'!I220) | J220: =IF('(2-2) 재직자 명부'!J220="","",'(2-2) 재직자 명부'!J220) | K220: =IF('(2-2) 재직자 명부'!K220="","",'(2-2) 재직자 명부'!K220)
B221: =A221 -> 0 | C221: =IF('(2-2) 재직자 명부'!C221="","",'(2-2) 재직자 명부'!C221) | D221: =IF('(2-2) 재직자 명부'!D221="","",'(2-2) 재직자 명부'!D221) | E221: =IF('(2-2) 재직자 명부'!E221="","",'(2-2) 재직자 명부'!E221) | F221: =IF('(2-2) 재직자 명부'!F221="","",'(2-2) 재직자 명부'!F221) | G221: =IFERROR(IF('(2-2) 재직자 명부'!G221="",VLOOKUP(A221,추계액검증!$C:$V,추계액검증!#REF!,0),'(2-2) 재직자 명부'!G221),"") | H221: =IFERROR(IF('(2-2) 재직자 명부'!H221="",VLOOKUP(A221,추계액검증!$C:$V,추계액검증!$T$4,0),'(2-2) 재직자 명부'!H221),"") | I221: =IF('(2-2) 재직자 명부'!I221="","",'(2-2) 재직자 명부'!I221) | J221: =IF('(2-2) 재직자 명부'!J221="","",'(2-2) 재직자 명부'!J221) | K221: =IF('(2-2) 재직자 명부'!K221="","",'(2-2) 재직자 명부'!K221)
B222: =A222 -> 0 | C222: =IF('(2-2) 재직자 명부'!C222="","",'(2-2) 재직자 명부'!C222) | D222: =IF('(2-2) 재직자 명부'!D222="","",'(2-2) 재직자 명부'!D222) | E222: =IF('(2-2) 재직자 명부'!E222="","",'(2-2) 재직자 명부'!E222) | F222: =IF('(2-2) 재직자 명부'!F222="","",'(2-2) 재직자 명부'!F222) | G222: =IFERROR(IF('(2-2) 재직자 명부'!G222="",VLOOKUP(A222,추계액검증!$C:$V,추계액검증!#REF!,0),'(2-2) 재직자 명부'!G222),"") | H222: =IFERROR(IF('(2-2) 재직자 명부'!H222="",VLOOKUP(A222,추계액검증!$C:$V,추계액검증!$T$4,0),'(2-2) 재직자 명부'!H222),"") | I222: =IF('(2-2) 재직자 명부'!I222="","",'(2-2) 재직자 명부'!I222) | J222: =IF('(2-2) 재직자 명부'!J222="","",'(2-2) 재직자 명부'!J222) | K222: =IF('(2-2) 재직자 명부'!K222="","",'(2-2) 재직자 명부'!K222)
B223: =A223 -> 0 | C223: =IF('(2-2) 재직자 명부'!C223="","",'(2-2) 재직자 명부'!C223) | D223: =IF('(2-2) 재직자 명부'!D223="","",'(2-2) 재직자 명부'!D223) | E223: =IF('(2-2) 재직자 명부'!E223="","",'(2-2) 재직자 명부'!E223) | F223: =IF('(2-2) 재직자 명부'!F223="","",'(2-2) 재직자 명부'!F223) | G223: =IFERROR(IF('(2-2) 재직자 명부'!G223="",VLOOKUP(A223,추계액검증!$C:$V,추계액검증!#REF!,0),'(2-2) 재직자 명부'!G223),"") | H223: =IFERROR(IF('(2-2) 재직자 명부'!H223="",VLOOKUP(A223,추계액검증!$C:$V,추계액검증!$T$4,0),'(2-2) 재직자 명부'!H223),"") | I223: =IF('(2-2) 재직자 명부'!I223="","",'(2-2) 재직자 명부'!I223) | J223: =IF('(2-2) 재직자 명부'!J223="","",'(2-2) 재직자 명부'!J223) | K223: =IF('(2-2) 재직자 명부'!K223="","",'(2-2) 재직자 명부'!K223)
B224: =A224 -> 0 | C224: =IF('(2-2) 재직자 명부'!C224="","",'(2-2) 재직자 명부'!C224) | D224: =IF('(2-2) 재직자 명부'!D224="","",'(2-2) 재직자 명부'!D224) | E224: =IF('(2-2) 재직자 명부'!E224="","",'(2-2) 재직자 명부'!E224) | F224: =IF('(2-2) 재직자 명부'!F224="","",'(2-2) 재직자 명부'!F224) | G224: =IFERROR(IF('(2-2) 재직자 명부'!G224="",VLOOKUP(A224,추계액검증!$C:$V,추계액검증!#REF!,0),'(2-2) 재직자 명부'!G224),"") | H224: =IFERROR(IF('(2-2) 재직자 명부'!H224="",VLOOKUP(A224,추계액검증!$C:$V,추계액검증!$T$4,0),'(2-2) 재직자 명부'!H224),"") | I224: =IF('(2-2) 재직자 명부'!I224="","",'(2-2) 재직자 명부'!I224) | J224: =IF('(2-2) 재직자 명부'!J224="","",'(2-2) 재직자 명부'!J224) | K224: =IF('(2-2) 재직자 명부'!K224="","",'(2-2) 재직자 명부'!K224)
B225: =A225 -> 0 | C225: =IF('(2-2) 재직자 명부'!C225="","",'(2-2) 재직자 명부'!C225) | D225: =IF('(2-2) 재직자 명부'!D225="","",'(2-2) 재직자 명부'!D225) | E225: =IF('(2-2) 재직자 명부'!E225="","",'(2-2) 재직자 명부'!E225) | F225: =IF('(2-2) 재직자 명부'!F225="","",'(2-2) 재직자 명부'!F225) | G225: =IFERROR(IF('(2-2) 재직자 명부'!G225="",VLOOKUP(A225,추계액검증!$C:$V,추계액검증!#REF!,0),'(2-2) 재직자 명부'!G225),"") | H225: =IFERROR(IF('(2-2) 재직자 명부'!H225="",VLOOKUP(A225,추계액검증!$C:$V,추계액검증!$T$4,0),'(2-2) 재직자 명부'!H225),"") | I225: =IF('(2-2) 재직자 명부'!I225="","",'(2-2) 재직자 명부'!I225) | J225: =IF('(2-2) 재직자 명부'!J225="","",'(2-2) 재직자 명부'!J225) | K225: =IF('(2-2) 재직자 명부'!K225="","",'(2-2) 재직자 명부'!K225)
B226: =A226 -> 0 | C226: =IF('(2-2) 재직자 명부'!C226="","",'(2-2) 재직자 명부'!C226) | D226: =IF('(2-2) 재직자 명부'!D226="","",'(2-2) 재직자 명부'!D226) | E226: =IF('(2-2) 재직자 명부'!E226="","",'(2-2) 재직자 명부'!E226) | F226: =IF('(2-2) 재직자 명부'!F226="","",'(2-2) 재직자 명부'!F226) | G226: =IFERROR(IF('(2-2) 재직자 명부'!G226="",VLOOKUP(A226,추계액검증!$C:$V,추계액검증!#REF!,0),'(2-2) 재직자 명부'!G226),"") | H226: =IFERROR(IF('(2-2) 재직자 명부'!H226="",VLOOKUP(A226,추계액검증!$C:$V,추계액검증!$T$4,0),'(2-2) 재직자 명부'!H226),"") | I226: =IF('(2-2) 재직자 명부'!I226="","",'(2-2) 재직자 명부'!I226) | J226: =IF('(2-2) 재직자 명부'!J226="","",'(2-2) 재직자 명부'!J226) | K226: =IF('(2-2) 재직자 명부'!K226="","",'(2-2) 재직자 명부'!K226)
B227: =A227 -> 0 | C227: =IF('(2-2) 재직자 명부'!C227="","",'(2-2) 재직자 명부'!C227) | D227: =IF('(2-2) 재직자 명부'!D227="","",'(2-2) 재직자 명부'!D227) | E227: =IF('(2-2) 재직자 명부'!E227="","",'(2-2) 재직자 명부'!E227) | F227: =IF('(2-2) 재직자 명부'!F227="","",'(2-2) 재직자 명부'!F227) | G227: =IFERROR(IF('(2-2) 재직자 명부'!G227="",VLOOKUP(A227,추계액검증!$C:$V,추계액검증!#REF!,0),'(2-2) 재직자 명부'!G227),"") | H227: =IFERROR(IF('(2-2) 재직자 명부'!H227="",VLOOKUP(A227,추계액검증!$C:$V,추계액검증!$T$4,0),'(2-2) 재직자 명부'!H227),"") | I227: =IF('(2-2) 재직자 명부'!I227="","",'(2-2) 재직자 명부'!I227) | J227: =IF('(2-2) 재직자 명부'!J227="","",'(2-2) 재직자 명부'!J227) | K227: =IF('(2-2) 재직자 명부'!K227="","",'(2-2) 재직자 명부'!K227)
B228: =A228 -> 0 | C228: =IF('(2-2) 재직자 명부'!C228="","",'(2-2) 재직자 명부'!C228) | D228: =IF('(2-2) 재직자 명부'!D228="","",'(2-2) 재직자 명부'!D228) | E228: =IF('(2-2) 재직자 명부'!E228="","",'(2-2) 재직자 명부'!E228) | F228: =IF('(2-2) 재직자 명부'!F228="","",'(2-2) 재직자 명부'!F228) | G228: =IFERROR(IF('(2-2) 재직자 명부'!G228="",VLOOKUP(A228,추계액검증!$C:$V,추계액검증!#REF!,0),'(2-2) 재직자 명부'!G228),"") | H228: =IFERROR(IF('(2-2) 재직자 명부'!H228="",VLOOKUP(A228,추계액검증!$C:$V,추계액검증!$T$4,0),'(2-2) 재직자 명부'!H228),"") | I228: =IF('(2-2) 재직자 명부'!I228="","",'(2-2) 재직자 명부'!I228) | J228: =IF('(2-2) 재직자 명부'!J228="","",'(2-2) 재직자 명부'!J228) | K228: =IF('(2-2) 재직자 명부'!K228="","",'(2-2) 재직자 명부'!K228)
B229: =A229 -> 0 | C229: =IF('(2-2) 재직자 명부'!C229="","",'(2-2) 재직자 명부'!C229) | D229: =IF('(2-2) 재직자 명부'!D229="","",'(2-2) 재직자 명부'!D229) | E229: =IF('(2-2) 재직자 명부'!E229="","",'(2-2) 재직자 명부'!E229) | F229: =IF('(2-2) 재직자 명부'!F229="","",'(2-2) 재직자 명부'!F229) | G229: =IFERROR(IF('(2-2) 재직자 명부'!G229="",VLOOKUP(A229,추계액검증!$C:$V,추계액검증!#REF!,0),'(2-2) 재직자 명부'!G229),"") | H229: =IFERROR(IF('(2-2) 재직자 명부'!H229="",VLOOKUP(A229,추계액검증!$C:$V,추계액검증!$T$4,0),'(2-2) 재직자 명부'!H229),"") | I229: =IF('(2-2) 재직자 명부'!I229="","",'(2-2) 재직자 명부'!I229) | J229: =IF('(2-2) 재직자 명부'!J229="","",'(2-2) 재직자 명부'!J229) | K229: =IF('(2-2) 재직자 명부'!K229="","",'(2-2) 재직자 명부'!K229)
B230: =A230 -> 0 | C230: =IF('(2-2) 재직자 명부'!C230="","",'(2-2) 재직자 명부'!C230) | D230: =IF('(2-2) 재직자 명부'!D230="","",'(2-2) 재직자 명부'!D230) | E230: =IF('(2-2) 재직자 명부'!E230="","",'(2-2) 재직자 명부'!E230) | F230: =IF('(2-2) 재직자 명부'!F230="","",'(2-2) 재직자 명부'!F230) | G230: =IFERROR(IF('(2-2) 재직자 명부'!G230="",VLOOKUP(A230,추계액검증!$C:$V,추계액검증!#REF!,0),'(2-2) 재직자 명부'!G230),"") | H230: =IFERROR(IF('(2-2) 재직자 명부'!H230="",VLOOKUP(A230,추계액검증!$C:$V,추계액검증!$T$4,0),'(2-2) 재직자 명부'!H230),"") | I230: =IF('(2-2) 재직자 명부'!I230="","",'(2-2) 재직자 명부'!I230) | J230: =IF('(2-2) 재직자 명부'!J230="","",'(2-2) 재직자 명부'!J230) | K230: =IF('(2-2) 재직자 명부'!K230="","",'(2-2) 재직자 명부'!K230)
B231: =A231 -> 0 | C231: =IF('(2-2) 재직자 명부'!C231="","",'(2-2) 재직자 명부'!C231) | D231: =IF('(2-2) 재직자 명부'!D231="","",'(2-2) 재직자 명부'!D231) | E231: =IF('(2-2) 재직자 명부'!E231="","",'(2-2) 재직자 명부'!E231) | F231: =IF('(2-2) 재직자 명부'!F231="","",'(2-2) 재직자 명부'!F231) | G231: =IFERROR(IF('(2-2) 재직자 명부'!G231="",VLOOKUP(A231,추계액검증!$C:$V,추계액검증!#REF!,0),'(2-2) 재직자 명부'!G231),"") | H231: =IFERROR(IF('(2-2) 재직자 명부'!H231="",VLOOKUP(A231,추계액검증!$C:$V,추계액검증!$T$4,0),'(2-2) 재직자 명부'!H231),"") | I231: =IF('(2-2) 재직자 명부'!I231="","",'(2-2) 재직자 명부'!I231) | J231: =IF('(2-2) 재직자 명부'!J231="","",'(2-2) 재직자 명부'!J231) | K231: =IF('(2-2) 재직자 명부'!K231="","",'(2-2) 재직자 명부'!K231)
... B2484: =A2484 -> 0 | C2484: =IF('(2-2) 재직자 명부'!C2484="","",'(2-2) 재직자 명부'!C2484) | D2484: =IF('(2-2) 재직자 명부'!D2484="","",'(2-2) 재직자 명부'!D2484) | E2484: =IF('(2-2) 재직자 명부'!E2484="","",'(2-2) 재직자 명부'!E2484) | F2484: =IF('(2-2) 재직자 명부'!F2484="","",'(2-2) 재직자 명부'!F2484) | G2484: =IFERROR(IF('(2-2) 재직자 명부'!G2484="",VLOOKUP(A2484,추계액검증!$C:$V,추계액검증!#REF!,0),'(2-2) 재직자 명부'!G2484),"") | H2484: =IFERROR(IF('(2-2) 재직자 명부'!H2484="",VLOOKUP(A2484,추계액검증!$C:$V,추계액검증!$T$4,0),'(2-2) 재직자 명부'!H2484),"") | I2484: =IF('(2-2) 재직자 명부'!I2484="","",'(2-2) 재직자 명부'!I2484) | J2484: =IF('(2-2) 재직자 명부'!J2484="","",'(2-2) 재직자 명부'!J2484) | K2484: =IF('(2-2) 재직자 명부'!K2484="","",'(2-2) 재직자 명부'!K2484)

Sheet 퇴직자명부_시스템input
A1: 사원번호 | B1: 성명 | C1: 생년월일 | D1: 성별 (1:남자, 2:여자) | E1: 입사일자 | F1: 퇴직일자 | G1: 추가CODE1 | H1: 추가CODE2 | I1: 추가CODE3 | J1: 추가CHAR1 | K1: 추가CHAR2 | L1: 추가CHAR3 | M1: 추가NUMBER1 (퇴직금지급액) | N1: 추가NUMBER2 (장기종업원지급액) | O1: 추가NUMBER3 | P1: 추가DATE1 | Q1: 추가DATE2
A2: =IF('(2-4) 퇴직자 및 DC전환자 명부'!B3="","",'(2-4) 퇴직자 및 DC전환자 명부'!B3) -> 156 | B2: =IF(A2="","",A2) -> 156 | C2: =IF('(2-4) 퇴직자 및 DC전환자 명부'!#REF!="","",'(2-4) 퇴직자 및 DC전환자 명부'!#REF!) -> #REF! | D2: =IF('(2-4) 퇴직자 및 DC전환자 명부'!#REF!="","",'(2-4) 퇴직자 및 DC전환자 명부'!#REF!) -> #REF! | E2: =IF('(2-4) 퇴직자 및 DC전환자 명부'!#REF!="","",'(2-4) 퇴직자 및 DC전환자 명부'!#REF!) -> #REF! | F2: =IF('(2-4) 퇴직자 및 DC전환자 명부'!#REF!="","",'(2-4) 퇴직자 및 DC전환자 명부'!#REF!) -> #REF! | M2: =IF('(2-4) 퇴직자 및 DC전환자 명부'!#REF!="","",'(2-4) 퇴직자 및 DC전환자 명부'!#REF!) -> #REF!
A3: =IF('(2-4) 퇴직자 및 DC전환자 명부'!B4="","",'(2-4) 퇴직자 및 DC전환자 명부'!B4) -> 156 | B3: =IF(A3="","",A3) -> 156 | C3: =IF('(2-4) 퇴직자 및 DC전환자 명부'!C3="","",'(2-4) 퇴직자 및 DC전환자 명부'!C3) -> 19870511 | D3: =IF('(2-4) 퇴직자 및 DC전환자 명부'!D3="","",'(2-4) 퇴직자 및 DC전환자 명부'!D3) -> 1 | E3: =IF('(2-4) 퇴직자 및 DC전환자 명부'!E3="","",'(2-4) 퇴직자 및 DC전환자 명부'!E3) -> 20140106 | F3: =IF('(2-4) 퇴직자 및 DC전환자 명부'!F3="","",'(2-4) 퇴직자 및 DC전환자 명부'!F3) -> 20250131 | M3: =IF('(2-4) 퇴직자 및 DC전환자 명부'!G3="","",'(2-4) 퇴직자 및 DC전환자 명부'!G3) -> 60229060
A4: =IF('(2-4) 퇴직자 및 DC전환자 명부'!B5="","",'(2-4) 퇴직자 및 DC전환자 명부'!B5) -> 157 | B4: =IF(A4="","",A4) -> 157 | C4: =IF('(2-4) 퇴직자 및 DC전환자 명부'!#REF!="","",'(2-4) 퇴직자 및 DC전환자 명부'!#REF!) -> #REF! | D4: =IF('(2-4) 퇴직자 및 DC전환자 명부'!#REF!="","",'(2-4) 퇴직자 및 DC전환자 명부'!#REF!) -> #REF! | E4: =IF('(2-4) 퇴직자 및 DC전환자 명부'!#REF!="","",'(2-4) 퇴직자 및 DC전환자 명부'!#REF!) -> #REF! | F4: =IF('(2-4) 퇴직자 및 DC전환자 명부'!#REF!="","",'(2-4) 퇴직자 및 DC전환자 명부'!#REF!) -> #REF! | M4: =IF('(2-4) 퇴직자 및 DC전환자 명부'!#REF!="","",'(2-4) 퇴직자 및 DC전환자 명부'!#REF!) -> #REF!
A5: =IF('(2-4) 퇴직자 및 DC전환자 명부'!B6="","",'(2-4) 퇴직자 및 DC전환자 명부'!B6) -> 157 | B5: =IF(A5="","",A5) -> 157 | C5: =IF('(2-4) 퇴직자 및 DC전환자 명부'!C4="","",'(2-4) 퇴직자 및 DC전환자 명부'!C4) -> 19920713 | D5: =IF('(2-4) 퇴직자 및 DC전환자 명부'!D4="","",'(2-4) 퇴직자 및 DC전환자 명부'!D4) -> 2 | E5: =IF('(2-4) 퇴직자 및 DC전환자 명부'!E4="","",'(2-4) 퇴직자 및 DC전환자 명부'!E4) -> 20241021 | F5: =IF('(2-4) 퇴직자 및 DC전환자 명부'!F4="","",'(2-4) 퇴직자 및 DC전환자 명부'!F4) -> 20250205 | M5: =IF('(2-4) 퇴직자 및 DC전환자 명부'!G4="","",'(2-4) 퇴직자 및 DC전환자 명부'!G4) -> 0
A6: =IF('(2-4) 퇴직자 및 DC전환자 명부'!B7="","",'(2-4) 퇴직자 및 DC전환자 명부'!B7) -> 158 | B6: =IF(A6="","",A6) -> 158 | C6: =IF('(2-4) 퇴직자 및 DC전환자 명부'!C5="","",'(2-4) 퇴직자 및 DC전환자 명부'!C5) -> 20030227 | D6: =IF('(2-4) 퇴직자 및 DC전환자 명부'!D5="","",'(2-4) 퇴직자 및 DC전환자 명부'!D5) -> 2 | E6: =IF('(2-4) 퇴직자 및 DC전환자 명부'!E5="","",'(2-4) 퇴직자 및 DC전환자 명부'!E5) -> 20210322 | F6: =IF('(2-4) 퇴직자 및 DC전환자 명부'!F5="","",'(2-4) 퇴직자 및 DC전환자 명부'!F5) -> 20250311 | M6: =IF('(2-4) 퇴직자 및 DC전환자 명부'!G5="","",'(2-4) 퇴직자 및 DC전환자 명부'!G5) -> 10380260
A7: =IF('(2-4) 퇴직자 및 DC전환자 명부'!B8="","",'(2-4) 퇴직자 및 DC전환자 명부'!B8) -> 158 | B7: =IF(A7="","",A7) -> 158 | C7: =IF('(2-4) 퇴직자 및 DC전환자 명부'!C7="","",'(2-4) 퇴직자 및 DC전환자 명부'!C7) -> 19610518 | D7: =IF('(2-4) 퇴직자 및 DC전환자 명부'!D7="","",'(2-4) 퇴직자 및 DC전환자 명부'!D7) -> 1 | E7: =IF('(2-4) 퇴직자 및 DC전환자 명부'!E7="","",'(2-4) 퇴직자 및 DC전환자 명부'!E7) -> 20240819 | F7: =IF('(2-4) 퇴직자 및 DC전환자 명부'!F7="","",'(2-4) 퇴직자 및 DC전환자 명부'!F7) -> 20250405 | M7: =IF('(2-4) 퇴직자 및 DC전환자 명부'!G7="","",'(2-4) 퇴직자 및 DC전환자 명부'!G7) -> 0
A8: =IF('(2-4) 퇴직자 및 DC전환자 명부'!B9="","",'(2-4) 퇴직자 및 DC전환자 명부'!B9) -> 159 | B8: =IF(A8="","",A8) -> 159 | C8: =IF('(2-4) 퇴직자 및 DC전환자 명부'!C8="","",'(2-4) 퇴직자 및 DC전환자 명부'!C8) -> 19940329 | D8: =IF('(2-4) 퇴직자 및 DC전환자 명부'!D8="","",'(2-4) 퇴직자 및 DC전환자 명부'!D8) -> 2 | E8: =IF('(2-4) 퇴직자 및 DC전환자 명부'!E8="","",'(2-4) 퇴직자 및 DC전환자 명부'!E8) -> 20250514 | F8: =IF('(2-4) 퇴직자 및 DC전환자 명부'!F8="","",'(2-4) 퇴직자 및 DC전환자 명부'!F8) -> 20250518 | M8: =IF('(2-4) 퇴직자 및 DC전환자 명부'!G8="","",'(2-4) 퇴직자 및 DC전환자 명부'!G8) -> 0
A9: =IF('(2-4) 퇴직자 및 DC전환자 명부'!B10="","",'(2-4) 퇴직자 및 DC전환자 명부'!B10) -> 159 | B9: =IF(A9="","",A9) -> 159 | C9: =IF('(2-4) 퇴직자 및 DC전환자 명부'!C9="","",'(2-4) 퇴직자 및 DC전환자 명부'!C9) -> 19980107 | D9: =IF('(2-4) 퇴직자 및 DC전환자 명부'!D9="","",'(2-4) 퇴직자 및 DC전환자 명부'!D9) -> 1 | E9: =IF('(2-4) 퇴직자 및 DC전환자 명부'!E9="","",'(2-4) 퇴직자 및 DC전환자 명부'!E9) -> 20230201 | F9: =IF('(2-4) 퇴직자 및 DC전환자 명부'!F9="","",'(2-4) 퇴직자 및 DC전환자 명부'!F9) -> 20250707 | M9: =IF('(2-4) 퇴직자 및 DC전환자 명부'!G9="","",'(2-4) 퇴직자 및 DC전환자 명부'!G9) -> 7788670
A10: =IF('(2-4) 퇴직자 및 DC전환자 명부'!B11="","",'(2-4) 퇴직자 및 DC전환자 명부'!B11) -> 160 | B10: =IF(A10="","",A10) -> 160 | C10: =IF('(2-4) 퇴직자 및 DC전환자 명부'!C10="","",'(2-4) 퇴직자 및 DC전환자 명부'!C10) -> 20050113 | D10: =IF('(2-4) 퇴직자 및 DC전환자 명부'!D10="","",'(2-4) 퇴직자 및 DC전환자 명부'!D10) -> 2 | E10: =IF('(2-4) 퇴직자 및 DC전환자 명부'!E10="","",'(2-4) 퇴직자 및 DC전환자 명부'!E10) -> 20240219 | F10: =IF('(2-4) 퇴직자 및 DC전환자 명부'!F10="","",'(2-4) 퇴직자 및 DC전환자 명부'!F10) -> 20250903 | M10: =IF('(2-4) 퇴직자 및 DC전환자 명부'!G10="","",'(2-4) 퇴직자 및 DC전환자 명부'!G10) -> 3624310
A11: =IF('(2-4) 퇴직자 및 DC전환자 명부'!B12="","",'(2-4) 퇴직자 및 DC전환자 명부'!B12) -> 160 | B11: =IF(A11="","",A11) -> 160 | C11: =IF('(2-4) 퇴직자 및 DC전환자 명부'!C11="","",'(2-4) 퇴직자 및 DC전환자 명부'!C11) -> 19981204 | D11: =IF('(2-4) 퇴직자 및 DC전환자 명부'!D11="","",'(2-4) 퇴직자 및 DC전환자 명부'!D11) -> 1 | E11: =IF('(2-4) 퇴직자 및 DC전환자 명부'!E11="","",'(2-4) 퇴직자 및 DC전환자 명부'!E11) -> 20250701 | F11: =IF('(2-4) 퇴직자 및 DC전환자 명부'!F11="","",'(2-4) 퇴직자 및 DC전환자 명부'!F11) -> 20250930 | M11: =IF('(2-4) 퇴직자 및 DC전환자 명부'!G11="","",'(2-4) 퇴직자 및 DC전환자 명부'!G11) -> 0
A12: =IF('(2-4) 퇴직자 및 DC전환자 명부'!B13="","",'(2-4) 퇴직자 및 DC전환자 명부'!B13) -> 161 | B12: =IF(A12="","",A12) -> 161 | C12: =IF('(2-4) 퇴직자 및 DC전환자 명부'!C14="","",'(2-4) 퇴직자 및 DC전환자 명부'!C14) -> 19811016 | D12: =IF('(2-4) 퇴직자 및 DC전환자 명부'!D14="","",'(2-4) 퇴직자 및 DC전환자 명부'!D14) -> 1 | E12: =IF('(2-4) 퇴직자 및 DC전환자 명부'!E14="","",'(2-4) 퇴직자 및 DC전환자 명부'!E14) -> 20230918 | F12: =IF('(2-4) 퇴직자 및 DC전환자 명부'!F14="","",'(2-4) 퇴직자 및 DC전환자 명부'!F14) -> 20251017 | M12: =IF('(2-4) 퇴직자 및 DC전환자 명부'!G14="","",'(2-4) 퇴직자 및 DC전환자 명부'!G14) -> 10024710
A13: =IF('(2-4) 퇴직자 및 DC전환자 명부'!B14="","",'(2-4) 퇴직자 및 DC전환자 명부'!B14) -> 161 | B13: =IF(A13="","",A13) -> 161 | C13: =IF('(2-4) 퇴직자 및 DC전환자 명부'!C15="","",'(2-4) 퇴직자 및 DC전환자 명부'!C15) | D13: =IF('(2-4) 퇴직자 및 DC전환자 명부'!D15="","",'(2-4) 퇴직자 및 DC전환자 명부'!D15) | E13: =IF('(2-4) 퇴직자 및 DC전환자 명부'!E15="","",'(2-4) 퇴직자 및 DC전환자 명부'!E15) | F13: =IF('(2-4) 퇴직자 및 DC전환자 명부'!F15="","",'(2-4) 퇴직자 및 DC전환자 명부'!F15) | M13: =IF('(2-4) 퇴직자 및 DC전환자 명부'!G15="","",'(2-4) 퇴직자 및 DC전환자 명부'!G15)
A14: =IF('(2-4) 퇴직자 및 DC전환자 명부'!B15="","",'(2-4) 퇴직자 및 DC전환자 명부'!B15) | B14: =IF(A14="","",A14) | C14: =IF('(2-4) 퇴직자 및 DC전환자 명부'!#REF!="","",'(2-4) 퇴직자 및 DC전환자 명부'!#REF!) -> #REF! | D14: =IF('(2-4) 퇴직자 및 DC전환자 명부'!#REF!="","",'(2-4) 퇴직자 및 DC전환자 명부'!#REF!) -> #REF! | E14: =IF('(2-4) 퇴직자 및 DC전환자 명부'!#REF!="","",'(2-4) 퇴직자 및 DC전환자 명부'!#REF!) -> #REF! | F14: =IF('(2-4) 퇴직자 및 DC전환자 명부'!#REF!="","",'(2-4) 퇴직자 및 DC전환자 명부'!#REF!) -> #REF! | M14: =IF('(2-4) 퇴직자 및 DC전환자 명부'!#REF!="","",'(2-4) 퇴직자 및 DC전환자 명부'!#REF!) -> #REF!
A15: =IF('(2-4) 퇴직자 및 DC전환자 명부'!#REF!="","",'(2-4) 퇴직자 및 DC전환자 명부'!#REF!) -> #REF! | B15: =IF(A15="","",A15) -> #REF! | C15: =IF('(2-4) 퇴직자 및 DC전환자 명부'!#REF!="","",'(2-4) 퇴직자 및 DC전환자 명부'!#REF!) -> #REF! | D15: =IF('(2-4) 퇴직자 및 DC전환자 명부'!#REF!="","",'(2-4) 퇴직자 및 DC전환자 명부'!#REF!) -> #REF! | E15: =IF('(2-4) 퇴직자 및 DC전환자 명부'!#REF!="","",'(2-4) 퇴직자 및 DC전환자 명부'!#REF!) -> #REF! | F15: =IF('(2-4) 퇴직자 및 DC전환자 명부'!#REF!="","",'(2-4) 퇴직자 및 DC전환자 명부'!#REF!) -> #REF! | M15: =IF('(2-4) 퇴직자 및 DC전환자 명부'!#REF!="","",'(2-4) 퇴직자 및 DC전환자 명부'!#REF!) -> #REF!
A16: =IF('(2-4) 퇴직자 및 DC전환자 명부'!B16="","",'(2-4) 퇴직자 및 DC전환자 명부'!B16) | B16: =IF(A16="","",A16) | C16: =IF('(2-4) 퇴직자 및 DC전환자 명부'!C16="","",'(2-4) 퇴직자 및 DC전환자 명부'!C16) | D16: =IF('(2-4) 퇴직자 및 DC전환자 명부'!D16="","",'(2-4) 퇴직자 및 DC전환자 명부'!D16) | E16: =IF('(2-4) 퇴직자 및 DC전환자 명부'!E16="","",'(2-4) 퇴직자 및 DC전환자 명부'!E16) | F16: =IF('(2-4) 퇴직자 및 DC전환자 명부'!F16="","",'(2-4) 퇴직자 및 DC전환자 명부'!F16) | M16: =IF('(2-4) 퇴직자 및 DC전환자 명부'!G16="","",'(2-4) 퇴직자 및 DC전환자 명부'!G16)
A17: =IF('(2-4) 퇴직자 및 DC전환자 명부'!B17="","",'(2-4) 퇴직자 및 DC전환자 명부'!B17) | B17: =IF(A17="","",A17) | C17: =IF('(2-4) 퇴직자 및 DC전환자 명부'!C17="","",'(2-4) 퇴직자 및 DC전환자 명부'!C17) | D17: =IF('(2-4) 퇴직자 및 DC전환자 명부'!D17="","",'(2-4) 퇴직자 및 DC전환자 명부'!D17) | E17: =IF('(2-4) 퇴직자 및 DC전환자 명부'!E17="","",'(2-4) 퇴직자 및 DC전환자 명부'!E17) | F17: =IF('(2-4) 퇴직자 및 DC전환자 명부'!F17="","",'(2-4) 퇴직자 및 DC전환자 명부'!F17) | M17: =IF('(2-4) 퇴직자 및 DC전환자 명부'!G17="","",'(2-4) 퇴직자 및 DC전환자 명부'!G17)
A18: =IF('(2-4) 퇴직자 및 DC전환자 명부'!B18="","",'(2-4) 퇴직자 및 DC전환자 명부'!B18) | B18: =IF(A18="","",A18) | C18: =IF('(2-4) 퇴직자 및 DC전환자 명부'!C18="","",'(2-4) 퇴직자 및 DC전환자 명부'!C18) | D18: =IF('(2-4) 퇴직자 및 DC전환자 명부'!D18="","",'(2-4) 퇴직자 및 DC전환자 명부'!D18) | E18: =IF('(2-4) 퇴직자 및 DC전환자 명부'!E18="","",'(2-4) 퇴직자 및 DC전환자 명부'!E18) | F18: =IF('(2-4) 퇴직자 및 DC전환자 명부'!F18="","",'(2-4) 퇴직자 및 DC전환자 명부'!F18) | M18: =IF('(2-4) 퇴직자 및 DC전환자 명부'!G18="","",'(2-4) 퇴직자 및 DC전환자 명부'!G18)
A19: =IF('(2-4) 퇴직자 및 DC전환자 명부'!B19="","",'(2-4) 퇴직자 및 DC전환자 명부'!B19) | B19: =IF(A19="","",A19) | C19: =IF('(2-4) 퇴직자 및 DC전환자 명부'!C19="","",'(2-4) 퇴직자 및 DC전환자 명부'!C19) | D19: =IF('(2-4) 퇴직자 및 DC전환자 명부'!D19="","",'(2-4) 퇴직자 및 DC전환자 명부'!D19) | E19: =IF('(2-4) 퇴직자 및 DC전환자 명부'!E19="","",'(2-4) 퇴직자 및 DC전환자 명부'!E19) | F19: =IF('(2-4) 퇴직자 및 DC전환자 명부'!F19="","",'(2-4) 퇴직자 및 DC전환자 명부'!F19) | M19: =IF('(2-4) 퇴직자 및 DC전환자 명부'!G19="","",'(2-4) 퇴직자 및 DC전환자 명부'!G19)
A20: =IF('(2-4) 퇴직자 및 DC전환자 명부'!B20="","",'(2-4) 퇴직자 및 DC전환자 명부'!B20) | B20: =IF(A20="","",A20) | C20: =IF('(2-4) 퇴직자 및 DC전환자 명부'!C20="","",'(2-4) 퇴직자 및 DC전환자 명부'!C20) | D20: =IF('(2-4) 퇴직자 및 DC전환자 명부'!D20="","",'(2-4) 퇴직자 및 DC전환자 명부'!D20) | E20: =IF('(2-4) 퇴직자 및 DC전환자 명부'!E20="","",'(2-4) 퇴직자 및 DC전환자 명부'!E20) | F20: =IF('(2-4) 퇴직자 및 DC전환자 명부'!F20="","",'(2-4) 퇴직자 및 DC전환자 명부'!F20) | M20: =IF('(2-4) 퇴직자 및 DC전환자 명부'!G20="","",'(2-4) 퇴직자 및 DC전환자 명부'!G20)
A21: =IF('(2-4) 퇴직자 및 DC전환자 명부'!B21="","",'(2-4) 퇴직자 및 DC전환자 명부'!B21) | B21: =IF(A21="","",A21) | C21: =IF('(2-4) 퇴직자 및 DC전환자 명부'!C21="","",'(2-4) 퇴직자 및 DC전환자 명부'!C21) | D21: =IF('(2-4) 퇴직자 및 DC전환자 명부'!D21="","",'(2-4) 퇴직자 및 DC전환자 명부'!D21) | E21: =IF('(2-4) 퇴직자 및 DC전환자 명부'!E21="","",'(2-4) 퇴직자 및 DC전환자 명부'!E21) | F21: =IF('(2-4) 퇴직자 및 DC전환자 명부'!F21="","",'(2-4) 퇴직자 및 DC전환자 명부'!F21) | M21: =IF('(2-4) 퇴직자 및 DC전환자 명부'!G21="","",'(2-4) 퇴직자 및 DC전환자 명부'!G21)
A22: =IF('(2-4) 퇴직자 및 DC전환자 명부'!B22="","",'(2-4) 퇴직자 및 DC전환자 명부'!B22) | B22: =IF(A22="","",A22) | C22: =IF('(2-4) 퇴직자 및 DC전환자 명부'!C22="","",'(2-4) 퇴직자 및 DC전환자 명부'!C22) | D22: =IF('(2-4) 퇴직자 및 DC전환자 명부'!D22="","",'(2-4) 퇴직자 및 DC전환자 명부'!D22) | E22: =IF('(2-4) 퇴직자 및 DC전환자 명부'!E22="","",'(2-4) 퇴직자 및 DC전환자 명부'!E22) | F22: =IF('(2-4) 퇴직자 및 DC전환자 명부'!F22="","",'(2-4) 퇴직자 및 DC전환자 명부'!F22) | M22: =IF('(2-4) 퇴직자 및 DC전환자 명부'!G22="","",'(2-4) 퇴직자 및 DC전환자 명부'!G22)
A23: =IF('(2-4) 퇴직자 및 DC전환자 명부'!B23="","",'(2-4) 퇴직자 및 DC전환자 명부'!B23) | B23: =IF(A23="","",A23) | C23: =IF('(2-4) 퇴직자 및 DC전환자 명부'!C23="","",'(2-4) 퇴직자 및 DC전환자 명부'!C23) | D23: =IF('(2-4) 퇴직자 및 DC전환자 명부'!D23="","",'(2-4) 퇴직자 및 DC전환자 명부'!D23) | E23: =IF('(2-4) 퇴직자 및 DC전환자 명부'!E23="","",'(2-4) 퇴직자 및 DC전환자 명부'!E23) | F23: =IF('(2-4) 퇴직자 및 DC전환자 명부'!F23="","",'(2-4) 퇴직자 및 DC전환자 명부'!F23) | M23: =IF('(2-4) 퇴직자 및 DC전환자 명부'!G23="","",'(2-4) 퇴직자 및 DC전환자 명부'!G23)
A24: =IF('(2-4) 퇴직자 및 DC전환자 명부'!B24="","",'(2-4) 퇴직자 및 DC전환자 명부'!B24) | B24: =IF(A24="","",A24) | C24: =IF('(2-4) 퇴직자 및 DC전환자 명부'!C24="","",'(2-4) 퇴직자 및 DC전환자 명부'!C24) | D24: =IF('(2-4) 퇴직자 및 DC전환자 명부'!D24="","",'(2-4) 퇴직자 및 DC전환자 명부'!D24) | E24: =IF('(2-4) 퇴직자 및 DC전환자 명부'!E24="","",'(2-4) 퇴직자 및 DC전환자 명부'!E24) | F24: =IF('(2-4) 퇴직자 및 DC전환자 명부'!F24="","",'(2-4) 퇴직자 및 DC전환자 명부'!F24) | M24: =IF('(2-4) 퇴직자 및 DC전환자 명부'!G24="","",'(2-4) 퇴직자 및 DC전환자 명부'!G24)
A25: =IF('(2-4) 퇴직자 및 DC전환자 명부'!B25="","",'(2-4) 퇴직자 및 DC전환자 명부'!B25) | B25: =IF(A25="","",A25) | C25: =IF('(2-4) 퇴직자 및 DC전환자 명부'!C25="","",'(2-4) 퇴직자 및 DC전환자 명부'!C25) | D25: =IF('(2-4) 퇴직자 및 DC전환자 명부'!D25="","",'(2-4) 퇴직자 및 DC전환자 명부'!D25) | E25: =IF('(2-4) 퇴직자 및 DC전환자 명부'!E25="","",'(2-4) 퇴직자 및 DC전환자 명부'!E25) | F25: =IF('(2-4) 퇴직자 및 DC전환자 명부'!F25="","",'(2-4) 퇴직자 및 DC전환자 명부'!F25) | M25: =IF('(2-4) 퇴직자 및 DC전환자 명부'!G25="","",'(2-4) 퇴직자 및 DC전환자 명부'!G25)
A26: =IF('(2-4) 퇴직자 및 DC전환자 명부'!B26="","",'(2-4) 퇴직자 및 DC전환자 명부'!B26) | B26: =IF(A26="","",A26) | C26: =IF('(2-4) 퇴직자 및 DC전환자 명부'!C26="","",'(2-4) 퇴직자 및 DC전환자 명부'!C26) | D26: =IF('(2-4) 퇴직자 및 DC전환자 명부'!D26="","",'(2-4) 퇴직자 및 DC전환자 명부'!D26) | E26: =IF('(2-4) 퇴직자 및 DC전환자 명부'!E26="","",'(2-4) 퇴직자 및 DC전환자 명부'!E26) | F26: =IF('(2-4) 퇴직자 및 DC전환자 명부'!F26="","",'(2-4) 퇴직자 및 DC전환자 명부'!F26) | M26: =IF('(2-4) 퇴직자 및 DC전환자 명부'!G26="","",'(2-4) 퇴직자 및 DC전환자 명부'!G26)
A27: =IF('(2-4) 퇴직자 및 DC전환자 명부'!B27="","",'(2-4) 퇴직자 및 DC전환자 명부'!B27) | B27: =IF(A27="","",A27) | C27: =IF('(2-4) 퇴직자 및 DC전환자 명부'!C27="","",'(2-4) 퇴직자 및 DC전환자 명부'!C27) | D27: =IF('(2-4) 퇴직자 및 DC전환자 명부'!D27="","",'(2-4) 퇴직자 및 DC전환자 명부'!D27) | E27: =IF('(2-4) 퇴직자 및 DC전환자 명부'!E27="","",'(2-4) 퇴직자 및 DC전환자 명부'!E27) | F27: =IF('(2-4) 퇴직자 및 DC전환자 명부'!F27="","",'(2-4) 퇴직자 및 DC전환자 명부'!F27) | M27: =IF('(2-4) 퇴직자 및 DC전환자 명부'!G27="","",'(2-4) 퇴직자 및 DC전환자 명부'!G27)
... A2484: =IF('(2-4) 퇴직자 및 DC전환자 명부'!B2484="","",'(2-4) 퇴직자 및 DC전환자 명부'!B2484) | B2484: =IF(A2484="","",A2484) | C2484: =IF('(2-4) 퇴직자 및 DC전환자 명부'!C2484="","",'(2-4) 퇴직자 및 DC전환자 명부'!C2484) | D2484: =IF('(2-4) 퇴직자 및 DC전환자 명부'!D2484="","",'(2-4) 퇴직자 및 DC전환자 명부'!D2484) | E2484: =IF('(2-4) 퇴직자 및 DC전환자 명부'!E2484="","",'(2-4) 퇴직자 및 DC전환자 명부'!E2484) | F2484: =IF('(2-4) 퇴직자 및 DC전환자 명부'!F2484="","",'(2-4) 퇴직자 및 DC전환자 명부'!F2484) | M2484: =IF('(2-4) 퇴직자 및 DC전환자 명부'!G2484="","",'(2-4) 퇴직자 및 DC전환자 명부'!G2484)
M2485: =IF('(2-4) 퇴직자 및 DC전환자 명부'!G2485="","",'(2-4) 퇴직자 및 DC전환자 명부'!G2485)
M2486: =IF('(2-4) 퇴직자 및 DC전환자 명부'!G2486="","",'(2-4) 퇴직자 및 DC전환자 명부'!G2486)
M2487: =IF('(2-4) 퇴직자 및 DC전환자 명부'!G2487="","",'(2-4) 퇴직자 및 DC전환자 명부'!G2487)
M2488: =IF('(2-4) 퇴직자 및 DC전환자 명부'!G2488="","",'(2-4) 퇴직자 및 DC전환자 명부'!G2488)
M2489: =IF('(2-4) 퇴직자 및 DC전환자 명부'!G2489="","",'(2-4) 퇴직자 및 DC전환자 명부'!G2489)
M2490: =IF('(2-4) 퇴직자 및 DC전환자 명부'!G2490="","",'(2-4) 퇴직자 및 DC전환자 명부'!G2490)
M2491: =IF('(2-4) 퇴직자 및 DC전환자 명부'!G2491="","",'(2-4) 퇴직자 및 DC전환자 명부'!G2491)
M2492: =IF('(2-4) 퇴직자 및 DC전환자 명부'!G2492="","",'(2-4) 퇴직자 및 DC전환자 명부'!G2492)
M2493: =IF('(2-4) 퇴직자 및 DC전환자 명부'!G2493="","",'(2-4) 퇴직자 및 DC전환자 명부'!G2493)
M2494: =IF('(2-4) 퇴직자 및 DC전환자 명부'!G2494="","",'(2-4) 퇴직자 및 DC전환자 명부'!G2494)
M2495: =IF('(2-4) 퇴직자 및 DC전환자 명부'!G2495="","",'(2-4) 퇴직자 및 DC전환자 명부'!G2495)
M2496: =IF('(2-4) 퇴직자 및 DC전환자 명부'!G2496="","",'(2-4) 퇴직자 및 DC전환자 명부'!G2496)
... M65536: =IF('(2-4) 퇴직자 및 DC전환자 명부'!G65536="","",'(2-4) 퇴직자 및 DC전환자 명부'!G65536)

Sheet 추계액검증
B2: 평가일 | C2: 20151231
B3: 정년 | C3: 60
C4: 1 | D4: =C4+1 -> 2 | E4: =D4+1 -> 3 | F4: =E4+1 -> 4 | G4: =F4+1 -> 5 | H4: =G4+1 -> 6 | I4: =H4+1 -> 7 | J4: =I4+1 -> 8 | L4: =J4+1 -> 9 | M4: =L4+1 -> 10
C6: 사원번호 | D6: 생년월일 | E6: 성별 | F6: 입사일자 | G6: 평균급여 | H6: 당년도 추계액 | I6: 차년도 추계액 | J6: 직종 | K6: 중간정산일 | L6: 적용배수 | M6: 중간정산일 | N6: 연령 | O6: 총근무기간 | P6: 중간정산이후 근무기간 | Q6: 당년도 퇴직금추계액 | R6: 차년도 퇴직금추계액 | S6: 당년도 차이 | T6: 차년도 차이 | U6: check | V6: check | W6: 확인요청여부 | X6: 확인요청여부
C7: ='(2-2) 재직자 명부'!B2 -> 1 | D7: ='(2-2) 재직자 명부'!C2 -> 19670702 | E7: ='(2-2) 재직자 명부'!D2 -> 1 | F7: ='(2-2) 재직자 명부'!E2 -> 36770 | G7: ='(2-2) 재직자 명부'!F2 -> 47270000 | H7: ='(2-2) 재직자 명부'!G2 -> 3.59252e+09 | I7: ='(2-2) 재직자 명부'!H2 -> 3.73433e+09 | J7: ='(2-2) 재직자 명부'!I2 -> 3 | K7: ='(2-2) 재직자 명부'!J2 -> 0 | L7: =IF('(2-2) 재직자 명부'!M2="",1,'(2-2) 재직자 명부'!M2) -> 3 | N7: =ROUNDDOWN(((LEFT($C$2,4)+(DATE(FALSE,MID($C$2,5,2),RIGHT($C$2,2))-1)/366)-((LEFT(D7,4)+(DATE(FALSE,MID(D7,5,2),RIGHT(D7,2))-1)/366))),0) -> 48 | O7: =((LEFT($C$2,4)+(DATE(FALSE,MID($C$2,5,2),RIGHT($C$2,2)))/366)-((LEFT(F7,4)+(DATE(FALSE,MID(F7,5,2),RIGHT(F7,2))-1)/366))) -> #NUM! | P7: =IF(K7=0,"",((LEFT($C$2,4)+(DATE(FALSE,MID($C$2,5,2),RIGHT($C$2,2)))/366)-((LEFT(K7,4)+(DATE(FALSE,MID(K7,5,2),RIGHT(K7,2)))/366)))) | Q7: =IF(K7=0,O7*G7,G7*P7)*L7 -> #NUM! | R7: =IF(K7=0,(O7+1)*G7,G7*(P7+1))*L7 -> #NUM! | S7: =H7-Q7 -> #NUM! | T7: =I7-R7 -> #NUM! | U7: =IF(AND(J7<3,LEFT(F7,4)="2015"),"-",IF(ABS(S7/H7)>0.1,"e","-")) -> #NUM! | V7: =IF(OR(J7>2,N7>$C$3),IF(ABS(T7/I7)>0.1,"e","-"),"-") -> #NUM! | W7: =IF(U7="e",C7,"") -> #NUM! | X7: =IF(V7="e",C7,"") -> #NUM!
C8: ='(2-2) 재직자 명부'!B3 -> 2 | D8: ='(2-2) 재직자 명부'!C3 -> 19691224 | E8: ='(2-2) 재직자 명부'!D3 -> 1 | F8: ='(2-2) 재직자 명부'!E3 -> 39083 | G8: ='(2-2) 재직자 명부'!F3 -> 77830000 | H8: ='(2-2) 재직자 명부'!G3 -> 4436310000 | I8: ='(2-2) 재직자 명부'!H3 -> 4669800000 | J8: ='(2-2) 재직자 명부'!I3 -> 3 | K8: ='(2-2) 재직자 명부'!J3 -> 0 | L8: =IF('(2-2) 재직자 명부'!M3="",1,'(2-2) 재직자 명부'!M3) -> 3 | M8: =IF('(2-2) 재직자 명부'!J3="","",LEFT('(2-2) 재직자 명부'!J3,4)&"-"&MID('(2-2) 재직자 명부'!J3,5,2)&"-"&RIGHT('(2-2) 재직자 명부'!J3,2)) | N8: =ROUNDDOWN(((LEFT($C$2,4)+(DATE(FALSE,MID($C$2,5,2),RIGHT($C$2,2))-1)/366)-((LEFT(D8,4)+(DATE(FALSE,MID(D8,5,2),RIGHT(D8,2))-1)/366))),0) -> 46 | O8: =((LEFT($C$2,4)+(DATE(FALSE,MID($C$2,5,2),RIGHT($C$2,2)))/366)-((LEFT(F8,4)+(DATE(FALSE,MID(F8,5,2),RIGHT(F8,2))-1)/366))) -> -1892.388 | P8: =IF(K8=0,"",((LEFT($C$2,4)+(DATE(FALSE,MID($C$2,5,2),RIGHT($C$2,2)))/366)-((LEFT(K8,4)+(DATE(FALSE,MID(K8,5,2),RIGHT(K8,2)))/366)))) | Q8: =IF(K8=0,O8*G8,G8*P8)*L8 -> -4.4185367e+11 | R8: =IF(K8=0,(O8+1)*G8,G8*(P8+1))*L8 -> -4.4162018e+11 | S8: =H8-Q8 -> 4.4628998e+11 | T8: =I8-R8 -> 4.4628998e+11 | U8: =IF(AND(J8<3,LEFT(F8,4)="2015"),"-",IF(ABS(S8/H8)>0.1,"e","-")) -> e | V8: =IF(OR(J8>2,N8>$C$3),IF(ABS(T8/I8)>0.1,"e","-"),"-") -> e | W8: =IF(U8="e",C8,"") -> 2 | X8: =IF(V8="e",C8,"") -> 2
C9: ='(2-2) 재직자 명부'!B4 -> 3 | D9: ='(2-2) 재직자 명부'!C4 -> 19580912 | E9: ='(2-2) 재직자 명부'!D4 -> 1 | F9: ='(2-2) 재직자 명부'!E4 -> 42811 | G9: ='(2-2) 재직자 명부'!F4 -> 23630000 | H9: ='(2-2) 재직자 명부'!G4 -> 638010000 | I9: ='(2-2) 재직자 명부'!H4 -> 708900000 | J9: ='(2-2) 재직자 명부'!I4 -> 3 | K9: ='(2-2) 재직자 명부'!J4 -> 0 | L9: =IF('(2-2) 재직자 명부'!M4="",1,'(2-2) 재직자 명부'!M4) -> 3 | M9: =IF('(2-2) 재직자 명부'!J4="","",LEFT('(2-2) 재직자 명부'!J4,4)&"-"&MID('(2-2) 재직자 명부'!J4,5,2)&"-"&RIGHT('(2-2) 재직자 명부'!J4,2)) | N9: =ROUNDDOWN(((LEFT($C$2,4)+(DATE(FALSE,MID($C$2,5,2),RIGHT($C$2,2))-1)/366)-((LEFT(D9,4)+(DATE(FALSE,MID(D9,5,2),RIGHT(D9,2))-1)/366))),0) -> 57 | O9: =((LEFT($C$2,4)+(DATE(FALSE,MID($C$2,5,2),RIGHT($C$2,2)))/366)-((LEFT(F9,4)+(DATE(FALSE,MID(F9,5,2),RIGHT(F9,2))-1)/366))) -> -2265.0273 | P9: =IF(K9=0,"",((LEFT($C$2,4)+(DATE(FALSE,MID($C$2,5,2),RIGHT($C$2,2)))/366)-((LEFT(K9,4)+(DATE(FALSE,MID(K9,5,2),RIGHT(K9,2)))/366)))) | Q9: =IF(K9=0,O9*G9,G9*P9)*L9 -> -1.6056779e+11 | R9: =IF(K9=0,(O9+1)*G9,G9*(P9+1))*L9 -> -1.604969e+11 | S9: =H9-Q9 -> 1.612058e+11 | T9: =I9-R9 -> 1.612058e+11 | U9: =IF(AND(J9<3,LEFT(F9,4)="2015"),"-",IF(ABS(S9/H9)>0.1,"e","-")) -> e | V9: =IF(OR(J9>2,N9>$C$3),IF(ABS(T9/I9)>0.1,"e","-"),"-") -> e | W9: =IF(U9="e",C9,"") -> 3 | X9: =IF(V9="e",C9,"") -> 3
C10: ='(2-2) 재직자 명부'!B5 -> 4 | D10: ='(2-2) 재직자 명부'!C5 -> 19681023 | E10: ='(2-2) 재직자 명부'!D5 -> 1 | F10: ='(2-2) 재직자 명부'!E5 -> 44927 | G10: ='(2-2) 재직자 명부'!F5 -> 12100000 | H10: ='(2-2) 재직자 명부'!G5 -> 108900000 | I10: ='(2-2) 재직자 명부'!H5 -> 145200000 | J10: ='(2-2) 재직자 명부'!I5 -> 3 | K10: ='(2-2) 재직자 명부'!J5 -> 0 | L10: =IF('(2-2) 재직자 명부'!M5="",1,'(2-2) 재직자 명부'!M5) -> 3 | M10: =IF('(2-2) 재직자 명부'!J5="","",LEFT('(2-2) 재직자 명부'!J5,4)&"-"&MID('(2-2) 재직자 명부'!J5,5,2)&"-"&RIGHT('(2-2) 재직자 명부'!J5,2)) | N10: =ROUNDDOWN(((LEFT($C$2,4)+(DATE(FALSE,MID($C$2,5,2),RIGHT($C$2,2))-1)/366)-((LEFT(D10,4)+(DATE(FALSE,MID(D10,5,2),RIGHT(D10,2))-1)/366))),0) -> 47 | O10: =((LEFT($C$2,4)+(DATE(FALSE,MID($C$2,5,2),RIGHT($C$2,2)))/366)-((LEFT(F10,4)+(DATE(FALSE,MID(F10,5,2),RIGHT(F10,2))-1)/366))) -> -2476.5683 | P10: =IF(K10=0,"",((LEFT($C$2,4)+(DATE(FALSE,MID($C$2,5,2),RIGHT($C$2,2)))/366)-((LEFT(K10,4)+(DATE(FALSE,MID(K10,5,2),RIGHT(K10,2)))/366)))) | Q10: =IF(K10=0,O10*G10,G10*P10)*L10 -> -8.989943e+10 | R10: =IF(K10=0,(O10+1)*G10,G10*(P10+1))*L10 -> -8.986313e+10 | S10: =H10-Q10 -> 9.000833e+10 | T10: =I10-R10 -> 9.000833e+10 | U10: =IF(AND(J10<3,LEFT(F10,4)="2015"),"-",IF(ABS(S10/H10)>0.1,"e","-")) -> e | V10: =IF(OR(J10>2,N10>$C$3),IF(ABS(T10/I10)>0.1,"e","-"),"-") -> e | W10: =IF(U10="e",C10,"") -> 4 | X10: =IF(V10="e",C10,"") -> 4
C11: ='(2-2) 재직자 명부'!B6 -> 5 | D11: ='(2-2) 재직자 명부'!C6 -> 19641227 | E11: ='(2-2) 재직자 명부'!D6 -> 1 | F11: ='(2-2) 재직자 명부'!E6 -> 45292 | G11: ='(2-2) 재직자 명부'!F6 -> 15900000 | H11: ='(2-2) 재직자 명부'!G6 -> 95400000 | I11: ='(2-2) 재직자 명부'!H6 -> 143100000 | J11: ='(2-2) 재직자 명부'!I6 -> 3 | K11: ='(2-2) 재직자 명부'!J6 -> 0 | L11: =IF('(2-2) 재직자 명부'!M6="",1,'(2-2) 재직자 명부'!M6) -> 3 | M11: =IF('(2-2) 재직자 명부'!J6="","",LEFT('(2-2) 재직자 명부'!J6,4)&"-"&MID('(2-2) 재직자 명부'!J6,5,2)&"-"&RIGHT('(2-2) 재직자 명부'!J6,2)) | N11: =ROUNDDOWN(((LEFT($C$2,4)+(DATE(FALSE,MID($C$2,5,2),RIGHT($C$2,2))-1)/366)-((LEFT(D11,4)+(DATE(FALSE,MID(D11,5,2),RIGHT(D11,2))-1)/366))),0) -> 51 | O11: =((LEFT($C$2,4)+(DATE(FALSE,MID($C$2,5,2),RIGHT($C$2,2)))/366)-((LEFT(F11,4)+(DATE(FALSE,MID(F11,5,2),RIGHT(F11,2))-1)/366))) -> -2513.3333 | P11: =IF(K11=0,"",((LEFT($C$2,4)+(DATE(FALSE,MID($C$2,5,2),RIGHT($C$2,2)))/366)-((LEFT(K11,4)+(DATE(FALSE,MID(K11,5,2),RIGHT(K11,2)))/366)))) | Q11: =IF(K11=0,O11*G11,G11*P11)*L11 -> -1.19886e+11 | R11: =IF(K11=0,(O11+1)*G11,G11*(P11+1))*L11 -> -1.198383e+11 | S11: =H11-Q11 -> 1.199814e+11 | T11: =I11-R11 -> 1.199814e+11 | U11: =IF(AND(J11<3,LEFT(F11,4)="2015"),"-",IF(ABS(S11/H11)>0.1,"e","-")) -> e | V11: =IF(OR(J11>2,N11>$C$3),IF(ABS(T11/I11)>0.1,"e","-"),"-") -> e | W11: =IF(U11="e",C11,"") -> 5 | X11: =IF(V11="e",C11,"") -> 5
C12: ='(2-2) 재직자 명부'!B7 -> 6 | D12: ='(2-2) 재직자 명부'!C7 -> 19930729 | E12: ='(2-2) 재직자 명부'!D7 -> 1 | F12: ='(2-2) 재직자 명부'!E7 -> 43435 | G12: ='(2-2) 재직자 명부'!F7 -> 4203350 | H12: ='(2-2) 재직자 명부'!G7 -> 29773730 | I12: ='(2-2) 재직자 명부'!H7 -> 0 | J12: ='(2-2) 재직자 명부'!I7 -> 1 | K12: ='(2-2) 재직자 명부'!J7 -> 0 | L12: =IF('(2-2) 재직자 명부'!M7="",1,'(2-2) 재직자 명부'!M7) -> 1 | M12: =IF('(2-2) 재직자 명부'!J7="","",LEFT('(2-2) 재직자 명부'!J7,4)&"-"&MID('(2-2) 재직자 명부'!J7,5,2)&"-"&RIGHT('(2-2) 재직자 명부'!J7,2)) | N12: =ROUNDDOWN(((LEFT($C$2,4)+(DATE(FALSE,MID($C$2,5,2),RIGHT($C$2,2))-1)/366)-((LEFT(D12,4)+(DATE(FALSE,MID(D12,5,2),RIGHT(D12,2))-1)/366))),0) -> 22 | O12: =((LEFT($C$2,4)+(DATE(FALSE,MID($C$2,5,2),RIGHT($C$2,2)))/366)-((LEFT(F12,4)+(DATE(FALSE,MID(F12,5,2),RIGHT(F12,2))-1)/366))) -> -2327.4235 | P12: =IF(K12=0,"",((LEFT($C$2,4)+(DATE(FALSE,MID($C$2,5,2),RIGHT($C$2,2)))/366)-((LEFT(K12,4)+(DATE(FALSE,MID(K12,5,2),RIGHT(K12,2)))/366)))) | Q12: =IF(K12=0,O12*G12,G12*P12)*L12 -> -9.7829756e+09 | R12: =IF(K12=0,(O12+1)*G12,G12*(P12+1))*L12 -> -9.7787722e+09 | S12: =H12-Q12 -> 9.8127493e+09 | T12: =I12-R12 -> 9.7787722e+09 | U12: =IF(AND(J12<3,LEFT(F12,4)="2015"),"-",IF(ABS(S12/H12)>0.1,"e","-")) -> e | V12: =IF(OR(J12>2,N12>$C$3),IF(ABS(T12/I12)>0.1,"e","-"),"-") -> - | W12: =IF(U12="e",C12,"") -> 6 | X12: =IF(V12="e",C12,"")
C13: ='(2-2) 재직자 명부'!B8 -> 7 | D13: ='(2-2) 재직자 명부'!C8 -> 19730205 | E13: ='(2-2) 재직자 명부'!D8 -> 1 | F13: ='(2-2) 재직자 명부'!E8 -> 43282 | G13: ='(2-2) 재직자 명부'!F8 -> 6465480 | H13: ='(2-2) 재직자 명부'!G8 -> 48491100 | I13: ='(2-2) 재직자 명부'!H8 -> 0 | J13: ='(2-2) 재직자 명부'!I8 -> 1 | K13: ='(2-2) 재직자 명부'!J8 -> 0 | L13: =IF('(2-2) 재직자 명부'!M8="",1,'(2-2) 재직자 명부'!M8) -> 1 | M13: =IF('(2-2) 재직자 명부'!J8="","",LEFT('(2-2) 재직자 명부'!J8,4)&"-"&MID('(2-2) 재직자 명부'!J8,5,2)&"-"&RIGHT('(2-2) 재직자 명부'!J8,2)) | N13: =ROUNDDOWN(((LEFT($C$2,4)+(DATE(FALSE,MID($C$2,5,2),RIGHT($C$2,2))-1)/366)-((LEFT(D13,4)+(DATE(FALSE,MID(D13,5,2),RIGHT(D13,2))-1)/366))),0) -> 42 | O13: =((LEFT($C$2,4)+(DATE(FALSE,MID($C$2,5,2),RIGHT($C$2,2)))/366)-((LEFT(F13,4)+(DATE(FALSE,MID(F13,5,2),RIGHT(F13,2))-1)/366))) -> -2312.306 | P13: =IF(K13=0,"",((LEFT($C$2,4)+(DATE(FALSE,MID($C$2,5,2),RIGHT($C$2,2)))/366)-((LEFT(K13,4)+(DATE(FALSE,MID(K13,5,2),RIGHT(K13,2)))/366)))) | Q13: =IF(K13=0,O13*G13,G13*P13)*L13 -> -1.4950168e+10 | R13: =IF(K13=0,(O13+1)*G13,G13*(P13+1))*L13 -> -1.4943703e+10 | S13: =H13-Q13 -> 1.4998659e+10 | T13: =I13-R13 -> 1.4943703e+10 | U13: =IF(AND(J13<3,LEFT(F13,4)="2015"),"-",IF(ABS(S13/H13)>0.1,"e","-")) -> e | V13: =IF(OR(J13>2,N13>$C$3),IF(ABS(T13/I13)>0.1,"e","-"),"-") -> - | W13: =IF(U13="e",C13,"") -> 7 | X13: =IF(V13="e",C13,"")
C14: ='(2-2) 재직자 명부'!B9 -> 8 | D14: ='(2-2) 재직자 명부'!C9 -> 19860403 | E14: ='(2-2) 재직자 명부'!D9 -> 1 | F14: ='(2-2) 재직자 명부'!E9 -> 43997 | G14: ='(2-2) 재직자 명부'!F9 -> 4780400 | H14: ='(2-2) 재직자 명부'!G9 -> 26514850 | I14: ='(2-2) 재직자 명부'!H9 -> 0 | J14: ='(2-2) 재직자 명부'!I9 -> 1 | K14: ='(2-2) 재직자 명부'!J9 -> 0 | L14: =IF('(2-2) 재직자 명부'!M9="",1,'(2-2) 재직자 명부'!M9) -> 1 | M14: =IF('(2-2) 재직자 명부'!J9="","",LEFT('(2-2) 재직자 명부'!J9,4)&"-"&MID('(2-2) 재직자 명부'!J9,5,2)&"-"&RIGHT('(2-2) 재직자 명부'!J9,2)) | N14: =ROUNDDOWN(((LEFT($C$2,4)+(DATE(FALSE,MID($C$2,5,2),RIGHT($C$2,2))-1)/366)-((LEFT(D14,4)+(DATE(FALSE,MID(D14,5,2),RIGHT(D14,2))-1)/366))),0) -> 29 | O14: =((LEFT($C$2,4)+(DATE(FALSE,MID($C$2,5,2),RIGHT($C$2,2)))/366)-((LEFT(F14,4)+(DATE(FALSE,MID(F14,5,2),RIGHT(F14,2))-1)/366))) -> -2383.7596 | P14: =IF(K14=0,"",((LEFT($C$2,4)+(DATE(FALSE,MID($C$2,5,2),RIGHT($C$2,2)))/366)-((LEFT(K14,4)+(DATE(FALSE,MID(K14,5,2),RIGHT(K14,2)))/366)))) | Q14: =IF(K14=0,O14*G14,G14*P14)*L14 -> -1.1395324e+10 | R14: =IF(K14=0,(O14+1)*G14,G14*(P14+1))*L14 -> -1.1390544e+10 | S14: =H14-Q14 -> 1.1421839e+10 | T14: =I14-R14 -> 1.1390544e+10 | U14: =IF(AND(J14<3,LEFT(F14,4)="2015"),"-",IF(ABS(S14/H14)>0.1,"e","-")) -> e | V14: =IF(OR(J14>2,N14>$C$3),IF(ABS(T14/I14)>0.1,"e","-"),"-") -> - | W14: =IF(U14="e",C14,"") -> 8 | X14: =IF(V14="e",C14,"")
C15: ='(2-2) 재직자 명부'!B10 -> 9 | D15: ='(2-2) 재직자 명부'!C10 -> 19720823 | E15: ='(2-2) 재직자 명부'!D10 -> 1 | F15: ='(2-2) 재직자 명부'!E10 -> 35202 | G15: ='(2-2) 재직자 명부'!F10 -> 7846620 | H15: ='(2-2) 재직자 명부'!G10 -> 232451640 | I15: ='(2-2) 재직자 명부'!H10 -> 0 | J15: ='(2-2) 재직자 명부'!I10 -> 1 | K15: ='(2-2) 재직자 명부'!J10 -> 0 | L15: =IF('(2-2) 재직자 명부'!M10="",1,'(2-2) 재직자 명부'!M10) -> 1 | M15: =IF('(2-2) 재직자 명부'!J10="","",LEFT('(2-2) 재직자 명부'!J10,4)&"-"&MID('(2-2) 재직자 명부'!J10,5,2)&"-"&RIGHT('(2-2) 재직자 명부'!J10,2)) | N15: =ROUNDDOWN(((LEFT($C$2,4)+(DATE(FALSE,MID($C$2,5,2),RIGHT($C$2,2))-1)/366)-((LEFT(D15,4)+(DATE(FALSE,MID(D15,5,2),RIGHT(D15,2))-1)/366))),0) -> 43 | O15: =((LEFT($C$2,4)+(DATE(FALSE,MID($C$2,5,2),RIGHT($C$2,2)))/366)-((LEFT(F15,4)+(DATE(FALSE,MID(F15,5,2),RIGHT(F15,2))-1)/366))) -> -1504.0874 | P15: =IF(K15=0,"",((LEFT($C$2,4)+(DATE(FALSE,MID($C$2,5,2),RIGHT($C$2,2)))/366)-((LEFT(K15,4)+(DATE(FALSE,MID(K15,5,2),RIGHT(K15,2)))/366)))) | Q15: =IF(K15=0,O15*G15,G15*P15)*L15 -> -1.1802003e+10 | R15: =IF(K15=0,(O15+1)*G15,G15*(P15+1))*L15 -> -1.1794156e+10 | S15: =H15-Q15 -> 1.2034454e+10 | T15: =I15-R15 -> 1.1794156e+10 | U15: =IF(AND(J15<3,LEFT(F15,4)="2015"),"-",IF(ABS(S15/H15)>0.1,"e","-")) -> e | V15: =IF(OR(J15>2,N15>$C$3),IF(ABS(T15/I15)>0.1,"e","-"),"-") -> - | W15: =IF(U15="e",C15,"") -> 9 | X15: =IF(V15="e",C15,"")
C16: ='(2-2) 재직자 명부'!B11 -> 10 | D16: ='(2-2) 재직자 명부'!C11 -> 19760126 | E16: ='(2-2) 재직자 명부'!D11 -> 1 | F16: ='(2-2) 재직자 명부'!E11 -> 36557 | G16: ='(2-2) 재직자 명부'!F11 -> 6783220 | H16: ='(2-2) 재직자 명부'!G11 -> 175798460 | I16: ='(2-2) 재직자 명부'!H11 -> 0 | J16: ='(2-2) 재직자 명부'!I11 -> 1 | K16: ='(2-2) 재직자 명부'!J11 -> 0 | L16: =IF('(2-2) 재직자 명부'!M11="",1,'(2-2) 재직자 명부'!M11) -> 1 | M16: =IF('(2-2) 재직자 명부'!J11="","",LEFT('(2-2) 재직자 명부'!J11,4)&"-"&MID('(2-2) 재직자 명부'!J11,5,2)&"-"&RIGHT('(2-2) 재직자 명부'!J11,2)) | N16: =ROUNDDOWN(((LEFT($C$2,4)+(DATE(FALSE,MID($C$2,5,2),RIGHT($C$2,2))-1)/366)-((LEFT(D16,4)+(DATE(FALSE,MID(D16,5,2),RIGHT(D16,2))-1)/366))),0) -> 39 | O16: =((LEFT($C$2,4)+(DATE(FALSE,MID($C$2,5,2),RIGHT($C$2,2)))/366)-((LEFT(F16,4)+(DATE(FALSE,MID(F16,5,2),RIGHT(F16,2))-1)/366))) -> -1639.6503 | P16: =IF(K16=0,"",((LEFT($C$2,4)+(DATE(FALSE,MID($C$2,5,2),RIGHT($C$2,2)))/366)-((LEFT(K16,4)+(DATE(FALSE,MID(K16,5,2),RIGHT(K16,2)))/366)))) | Q16: =IF(K16=0,O16*G16,G16*P16)*L16 -> -1.1122109e+10 | R16: =IF(K16=0,(O16+1)*G16,G16*(P16+1))*L16 -> -1.1115325e+10 | S16: =H16-Q16 -> 1.1297907e+10 | T16: =I16-R16 -> 1.1115325e+10 | U16: =IF(AND(J16<3,LEFT(F16,4)="2015"),"-",IF(ABS(S16/H16)>0.1,"e","-")) -> e | V16: =IF(OR(J16>2,N16>$C$3),IF(ABS(T16/I16)>0.1,"e","-"),"-") -> - | W16: =IF(U16="e",C16,"") -> 10 | X16: =IF(V16="e",C16,"")
C17: ='(2-2) 재직자 명부'!B12 -> 11 | D17: ='(2-2) 재직자 명부'!C12 -> 19670727 | E17: ='(2-2) 재직자 명부'!D12 -> 1 | F17: ='(2-2) 재직자 명부'!E12 -> 36825 | G17: ='(2-2) 재직자 명부'!F12 -> 6564940 | H17: ='(2-2) 재직자 명부'!G12 -> 165325580 | I17: ='(2-2) 재직자 명부'!H12 -> 0 | J17: ='(2-2) 재직자 명부'!I12 -> 1 | K17: ='(2-2) 재직자 명부'!J12 -> 0 | L17: =IF('(2-2) 재직자 명부'!M12="",1,'(2-2) 재직자 명부'!M12) -> 1 | M17: =IF('(2-2) 재직자 명부'!J12="","",LEFT('(2-2) 재직자 명부'!J12,4)&"-"&MID('(2-2) 재직자 명부'!J12,5,2)&"-"&RIGHT('(2-2) 재직자 명부'!J12,2)) | N17: =ROUNDDOWN(((LEFT($C$2,4)+(DATE(FALSE,MID($C$2,5,2),RIGHT($C$2,2))-1)/366)-((LEFT(D17,4)+(DATE(FALSE,MID(D17,5,2),RIGHT(D17,2))-1)/366))),0) -> 48 | O17: =((LEFT($C$2,4)+(DATE(FALSE,MID($C$2,5,2),RIGHT($C$2,2)))/366)-((LEFT(F17,4)+(DATE(FALSE,MID(F17,5,2),RIGHT(F17,2))-1)/366))) -> -1666.3962 | P17: =IF(K17=0,"",((LEFT($C$2,4)+(DATE(FALSE,MID($C$2,5,2),RIGHT($C$2,2)))/366)-((LEFT(K17,4)+(DATE(FALSE,MID(K17,5,2),RIGHT(K17,2)))/366)))) | Q17: =IF(K17=0,O17*G17,G17*P17)*L17 -> -1.0939791e+10 | R17: =IF(K17=0,(O17+1)*G17,G17*(P17+1))*L17 -> -1.0933226e+10 | S17: =H17-Q17 -> 1.1105116e+10 | T17: =I17-R17 -> 1.0933226e+10 | U17: =IF(AND(J17<3,LEFT(F17,4)="2015"),"-",IF(ABS(S17/H17)>0.1,"e","-")) -> e | V17: =IF(OR(J17>2,N17>$C$3),IF(ABS(T17/I17)>0.1,"e","-"),"-") -> - | W17: =IF(U17="e",C17,"") -> 11 | X17: =IF(V17="e",C17,"")
C18: ='(2-2) 재직자 명부'!B13 -> 12 | D18: ='(2-2) 재직자 명부'!C13 -> 19800220 | E18: ='(2-2) 재직자 명부'!D13 -> 1 | F18: ='(2-2) 재직자 명부'!E13 -> 37902 | G18: ='(2-2) 재직자 명부'!F13 -> 6476000 | H18: ='(2-2) 재직자 명부'!G13 -> 143977160 | I18: ='(2-2) 재직자 명부'!H13 -> 0 | J18: ='(2-2) 재직자 명부'!I13 -> 1 | K18: ='(2-2) 재직자 명부'!J13 -> 0 | L18: =IF('(2-2) 재직자 명부'!M13="",1,'(2-2) 재직자 명부'!M13) -> 1 | M18: =IF('(2-2) 재직자 명부'!J13="","",LEFT('(2-2) 재직자 명부'!J13,4)&"-"&MID('(2-2) 재직자 명부'!J13,5,2)&"-"&RIGHT('(2-2) 재직자 명부'!J13,2)) | N18: =ROUNDDOWN(((LEFT($C$2,4)+(DATE(FALSE,MID($C$2,5,2),RIGHT($C$2,2))-1)/366)-((LEFT(D18,4)+(DATE(FALSE,MID(D18,5,2),RIGHT(D18,2))-1)/366))),0) -> 35 | O18: =((LEFT($C$2,4)+(DATE(FALSE,MID($C$2,5,2),RIGHT($C$2,2)))/366)-((LEFT(F18,4)+(DATE(FALSE,MID(F18,5,2),RIGHT(F18,2))-1)/366))) -> -1774.0874 | P18: =IF(K18=0,"",((LEFT($C$2,4)+(DATE(FALSE,MID($C$2,5,2),RIGHT($C$2,2)))/366)-((LEFT(K18,4)+(DATE(FALSE,MID(K18,5,2),RIGHT(K18,2)))/366)))) | Q18: =IF(K18=0,O18*G18,G18*P18)*L18 -> -1.148899e+10 | R18: =IF(K18=0,(O18+1)*G18,G18*(P18+1))*L18 -> -1.1482514e+10 | S18: =H18-Q18 -> 1.1632967e+10 | T18: =I18-R18 -> 1.1482514e+10 | U18: =IF(AND(J18<3,LEFT(F18,4)="2015"),"-",IF(ABS(S18/H18)>0.1,"e","-")) -> e | V18: =IF(OR(J18>2,N18>$C$3),IF(ABS(T18/I18)>0.1,"e","-"),"-") -> - | W18: =IF(U18="e",C18,"") -> 12 | X18: =IF(V18="e",C18,"")
C19: ='(2-2) 재직자 명부'!B14 -> 13 | D19: ='(2-2) 재직자 명부'!C14 -> 19811219 | E19: ='(2-2) 재직자 명부'!D14 -> 1 | F19: ='(2-2) 재직자 명부'!E14 -> 39143 | G19: ='(2-2) 재직자 명부'!F14 -> 6594780 | H19: ='(2-2) 재직자 명부'!G14 -> 124194170 | I19: ='(2-2) 재직자 명부'!H14 -> 0 | J19: ='(2-2) 재직자 명부'!I14 -> 1 | K19: ='(2-2) 재직자 명부'!J14 -> 0 | L19: =IF('(2-2) 재직자 명부'!M14="",1,'(2-2) 재직자 명부'!M14) -> 1 | M19: =IF('(2-2) 재직자 명부'!J14="","",LEFT('(2-2) 재직자 명부'!J14,4)&"-"&MID('(2-2) 재직자 명부'!J14,5,2)&"-"&RIGHT('(2-2) 재직자 명부'!J14,2)) | N19: =ROUNDDOWN(((LEFT($C$2,4)+(DATE(FALSE,MID($C$2,5,2),RIGHT($C$2,2))-1)/366)-((LEFT(D19,4)+(DATE(FALSE,MID(D19,5,2),RIGHT(D19,2))-1)/366))),0) -> 34 | O19: =((LEFT($C$2,4)+(DATE(FALSE,MID($C$2,5,2),RIGHT($C$2,2)))/366)-((LEFT(F19,4)+(DATE(FALSE,MID(F19,5,2),RIGHT(F19,2))-1)/366))) -> -1898.2787 | P19: =IF(K19=0,"",((LEFT($C$2,4)+(DATE(FALSE,MID($C$2,5,2),RIGHT($C$2,2)))/366)-((LEFT(K19,4)+(DATE(FALSE,MID(K19,5,2),RIGHT(K19,2)))/366)))) | Q19: =IF(K19=0,O19*G19,G19*P19)*L19 -> -1.251873e+10 | R19: =IF(K19=0,(O19+1)*G19,G19*(P19+1))*L19 -> -1.2512136e+10 | S19: =H19-Q19 -> 1.2642924e+10 | T19: =I19-R19 -> 1.2512136e+10 | U19: =IF(AND(J19<3,LEFT(F19,4)="2015"),"-",IF(ABS(S19/H19)>0.1,"e","-")) -> e | V19: =IF(OR(J19>2,N19>$C$3),IF(ABS(T19/I19)>0.1,"e","-"),"-") -> - | W19: =IF(U19="e",C19,"") -> 13 | X19: =IF(V19="e",C19,"")
... C416: ='(2-2) 재직자 명부'!B411 -> 0 | D416: ='(2-2) 재직자 명부'!C411 -> 0 | E416: ='(2-2) 재직자 명부'!D411 -> 0 | F416: ='(2-2) 재직자 명부'!E411 -> 0 | G416: ='(2-2) 재직자 명부'!F411 -> 0 | H416: ='(2-2) 재직자 명부'!G411 -> 0 | I416: ='(2-2) 재직자 명부'!H411 -> 0 | J416: ='(2-2) 재직자 명부'!I411 -> 0 | K416: ='(2-2) 재직자 명부'!J411 -> 0 | L416: =IF('(2-2) 재직자 명부'!M411="",1,'(2-2) 재직자 명부'!M411) -> 1 | M416: =IF('(2-2) 재직자 명부'!J411="","",LEFT('(2-2) 재직자 명부'!J411,4)&"-"&MID('(2-2) 재직자 명부'!J411,5,2)&"-"&RIGHT('(2-2) 재직자 명부'!J411,2)) | N416: =ROUNDDOWN(((LEFT($C$2,4)+(DATE(FALSE,MID($C$2,5,2),RIGHT($C$2,2))-1)/366)-((LEFT(D416,4)+(DATE(FALSE,MID(D416,5,2),RIGHT(D416,2))-1)/366))),0) -> #VALUE! | O416: =((LEFT($C$2,4)+(DATE(FALSE,MID($C$2,5,2),RIGHT($C$2,2)))/366)-((LEFT(F416,4)+(DATE(FALSE,MID(F416,5,2),RIGHT(F416,2))-1)/366))) -> #VALUE! | P416: =IF(K416=0,"",((LEFT($C$2,4)+(DATE(FALSE,MID($C$2,5,2),RIGHT($C$2,2)))/366)-((LEFT(K416,4)+(DATE(FALSE,MID(K416,5,2),RIGHT(K416,2)))/366)))) | Q416: =IF(K416=0,O416*G416,G416*P416)*L416 -> #VALUE! | R416: =IF(K416=0,(O416+1)*G416,G416*(P416+1))*L416 -> #VALUE! | S416: =H416-Q416 -> #VALUE! | T416: =I416-R416 -> #VALUE! | U416: =IF(AND(J416<3,LEFT(F416,4)="2015"),"-",IF(ABS(S416/H416)>0.1,"e","-")) -> #VALUE! | V416: =IF(OR(J416>2,N416>$C$3),IF(ABS(T416/I416)>0.1,"e","-"),"-") -> #VALUE! | W416: =IF(U416="e",C416,"") -> #VALUE! | X416: =IF(V416="e",C416,"") -> #VALUE!

Sheet (1-1) self-checklist
A1: 예
A2: 아니오
B3: ***작성 완료 후 최종 확인사항
B5: 기초자료와 명부 작성 완료 후 아래 표에서 최종확인 부탁드립니다.
B6: 아니오 선택 시, (1_2) 기초자료_퇴직급여와 명부 시트에서 해당사항 수정 부탁드립니다.
B8: 시트 | C8: # | D8: 항목 | E8: 확인 사항 | F8: 답변(드롭박스에서 선택)
B9: (1-2) 기초자료 _퇴직급여 | C9: 1 | D9: 사외적립자산 | E9: 회계 장부 반영 금액과 일치합니까? | F9: 예
C10: 2 | D10: 정년 | E10: ="정년은 만 "&'(1-2) 기초자료_퇴직급여 '!$F$103&" 세 입니까?" -> 정년은 만 60 세 입니까? | F10: 예
C11: 3 | D11: 임금피크제 | E11: =IF('(1-2) 기초자료_퇴직급여 '!$F$104="","임금피크제 적용 여부 선택 부탁드립니다",IF('(1-2) 기초자료_퇴직급여 '!$F$104="YES","만 "&'(1-2) 기초자료_퇴직급여 '!I104&"세 부터 임금피크제가 적용됩니까?","임금피크제 미적용 기업입니까?")) -> 만 58세 부터 임금피크제가 적용됩니까? | F11: 예
C12: 4 | D12: 기타장기종업원급여 | E12: =IF('(1-2) 기초자료_퇴직급여 '!F105="","기타장기종업원급여 적용 여부 선택 부탁드립니다","기타장기종업원급여 "&IF('(1-2) 기초자료_퇴직급여 '!$F$105="YES","적용","미적용")&" 기업입니까?") -> 기타장기종업원급여 적용 기업입니까? | F12: 예
C13: 5 | D13: 퇴직금제도 | E13: =IF('(1-2) 기초자료_퇴직급여 '!$F$108="","퇴직금제도 선택 부탁드립니다","퇴직금제도는 "&'(1-2) 기초자료_퇴직급여 '!$F$108&"를 적용합니까?") -> 퇴직금제도는 법정제를 적용합니까? | F13: 예
C14: 6 | D14: 연봉제/호봉제 | E14: =IF('(1-2) 기초자료_퇴직급여 '!$I$112="","임금체계 선택 부탁드립니다.",IF('(1-2) 기초자료_퇴직급여 '!$I$112="예 (호봉제)","근무기간에 따른 호봉 적용 기업 맞습니까?","근무기간에 따른 호봉 미적용 기업입니까?")) -> 근무기간에 따른 호봉 미적용 기업입니까? | F14: 예
C15: ='(2-2) 재직자 명부'!B9 -> 8 | D15: 채권등급 | E15: ="할인율 산출기준 채권 "&'(1-2) 기초자료_퇴직급여 '!$D$121&" 적용 기업입니까?" -> 할인율 산출기준 채권 회사채AA- 적용 기업입니까? | F15: 예
B16: (2-2) 재직자명부 | C16: 1 | D16: 1년 미만 재직자 | E16: 1년 미만 재직자도 기재 하셨습니까? | F16: 예
C17: 2 | D17: 퇴직금 추계액 | E17: 모든 재직자의 당년도, 차년도 퇴직금 추계액을 입력하셨습니까? (1년 미만 재직자의 경우 일할 계산) | F17: 아니오 | G17: 당년도 : 완료 / 차년도 : 임원, 계약직 완료
C18: 3 | D18: 기준급여 | E18: 3개월 미만 재직자의 경우 한달 근무 시 지급받는 급여로 기재 하셨습니까? | F18: 예
C19: 4 | D19: 평가기준일 퇴사자 | E19: 평가기준일 발생 퇴직금을 비용(미지급 포함) 처리 하셨습니까? | F19: 예
C20: 5 | D20: 평가기준일 퇴사자 | E20: =IF(F19="예","재직자명부에서 평가기준일 퇴사자 제외 하셨습니까?","비용처리 안하셨다면 1월 퇴사 처리 예정입니까?") -> 재직자명부에서 평가기준일 퇴사자 제외 하셨습니까? | F20: 예
C21: 6 | D21: 중간정산 대상자 | E21: 근퇴법 시행령 제3조에(퇴직금 중간정산 사유)에 해당됩니까? | F21: 예
B22: (2-3) 퇴직자명부 | C22: 1 | D22: 평가기준일 퇴사자 | E22: =IF(F19="예","퇴직자명부에 평가기준일 퇴사자를 포함하셨습니까?","퇴직자명부에서 평가기준일 퇴사자를 제외하셨습니까?") -> 퇴직자명부에 평가기준일 퇴사자를 포함하셨습니까? | F22: 예

Sheet (1-2) 기초자료_퇴직급여 
B2: (1-2) 퇴직급여채무 평가를 위한 기초자료
B4: * 근퇴법에서는 퇴직급여제도를 퇴직금제도, 퇴직연금제도(DB, DC, IRP)로 구분합니다.
B5: IFRS 퇴직급여채무평가 대상은 DC(IRP 포함)에 가입한 재직자를 제외한 전 종업원(1년 미만 근속자 포함)입니다.
B6: 따라서 기초자료, 재직자 및 퇴직자명부는 IFRS 퇴직급여채무평가 대상자에 한하여 작성하여 주시기 바랍니다.
B8: ☞ 퇴직금 또는 기타장기종업원급여의 지급규정 변경시 변경내용을 제공하여 주시기 바랍니다. (예 : 법정제 → 누진제 등, 장기근속포상금 변경 등)
B10: 1. 일반사항
B12: 회사명 | N12: =D12 -> 0
B13: 담당자 | N13: =D13 -> 0
B14: 전화번호 | N14: =D14 -> 0
B15: 이메일 | N15: =D15 -> 0
B16: 결산월 | D16: 12월 | N16: =D17 -> 0
B17: 주 소 | N17: =D16 -> 12월
B19: 2. 평가대상 및 퇴직급여 지급(환입) 현황
B21: ☞ DC형 퇴직연금가입자(IRP 포함)를 제외한 전 임직원을 기준으로 작성
B22: ☞ 금액은 모두 (+)로 기재 | J22: ☞ FALSE일 경우 명부와 자료 불일치. 확인 부탁드립니다.
B24: 항목 | D24: 내용 | J24: 기초자료 및 명부 일치여부 | K24: 비 고
D25: 작성기준일 | I25: 251231 | K25: 기초자료 및 명부 작성 기준일
B26: 평가 대상 | C26: 재직자수 (명) | D26: 임원 | F26: 0 | G26: 0 | H26: 0 | I26: 5 | J26: =COUNTIF('(2-2) 재직자 명부'!I:I,3)=I26 -> TRUE | K26: 작성기준일 현재 재직자 수 (2-2) 재직자 명부의 재직자 수와 일치 | N26: false일 경우 데이터 확인
D27: 직원 | F27: 0 | G27: 0 | H27: 0 | I27: 67 | J27: =COUNTIF('(2-2) 재직자 명부'!I:I,1)+COUNTIF('(2-2) 재직자 명부'!I:I,2)=I27 -> TRUE
D28: 계약직 | F28: 0 | G28: 0 | H28: 0 | I28: 14 | J28: =COUNTIF('(2-2) 재직자 명부'!I:I,4)=I28 -> TRUE
D29: 합계 | F29: =SUM(F26:F28) -> 0 | G29: =SUM(G26:G28) -> 0 | H29: =SUM(H26:H28) -> 0 | I29: =SUM(I26:I28) -> 86 | J29: =COUNTA('(2-2) 재직자 명부'!B2:B60000)=I29 -> TRUE
C30: 퇴직자수 (명) | D30: 임원 | F30: 0 | G30: 0 | H30: 0 | I30: 1 | J30: =COUNTIFS('(2-4) 퇴직자 및 DC전환자 명부'!I:I,1,'(2-4) 퇴직자 및 DC전환자 명부'!H:H,3)=I30 -> TRUE | K30: 기초부터 누계 퇴직자 수 (2-3) 퇴직자 명부의 퇴직자 수와 일치
D31: 직원 | F31: 0 | G31: 0 | H31: 0 | I31: 8 | J31: =COUNTIFS('(2-4) 퇴직자 및 DC전환자 명부'!I:I,1,'(2-4) 퇴직자 및 DC전환자 명부'!H:H,1)+COUNTIFS('(2-4) 퇴직자 및 DC전환자 명부'!I:I,1,'(2-4) 퇴직자 및 DC전환자 명부'!H:H,2)=I31 -> TRUE
D32: 계약직 | F32: 0 | G32: 0 | H32: 0 | I32: 1 | J32: =COUNTIFS('(2-4) 퇴직자 및 DC전환자 명부'!I:I,1,'(2-4) 퇴직자 및 DC전환자 명부'!H:H,4)=I32 -> TRUE
D33: 합계 | F33: =SUM(F30:F32) -> 0 | G33: =SUM(G30:G32) -> 0 | H33: =SUM(H30:H32) -> 0 | I33: =SUM(I30:I32) -> 10 | J33: =COUNTIF('(2-4) 퇴직자 및 DC전환자 명부'!I:I,1)=I33 -> TRUE
C34: 중간정산자수 | D34: =SUM(IFERROR(YEAR('(2-2) 재직자 명부'!J:J)=2016,0)*1) -> 0 | E34: =SUM((LEFT('(2-2) 재직자 명부'!$J:$J,4)="2016")*1) -> 0 | F34: 0 | G34: 0 | H34: 0 | I34: 0 | J34: =I34=(E34+D34) -> TRUE | K34: 기초부터 누계 중간정산자 수 (2-2) 재직자 명부의 당기 중간정산자 수와 일치
C35: DC전환자수 | F35: 0 | G35: 0 | H35: 0 | I35: 3 | J35: =COUNTIF('(2-4) 퇴직자 및 DC전환자 명부'!I:I,2)=I35 -> TRUE | K35: 기초부터 누계 DC전환자 수 (2-3) DC전환자 명부의 DC전환자 수와 일치
B36: 퇴직금 추계액 (원) | D36: 임원 | F36: 0 | G36: 0 | H36: 0 | I36: 8871140000 | J36: =ABS(SUMIF('(2-2) 재직자 명부'!I:I,3,'(2-2) 재직자 명부'!G:G)-I36)<1 -> TRUE | K36: 작성기준일 현재 퇴직금 추계액 (2-2) 재직자 명부의 당년도 퇴직금추계액과 일치
D37: 직원 | F37: 0 | G37: 0 | H37: 0 | I37: 4326514630 | J37: =ABS(SUMIF('(2-2) 재직자 명부'!I:I,1,'(2-2) 재직자 명부'!G:G)+SUMIF('(2-2) 재직자 명부'!I:I,2,'(2-2) 재직자 명부'!G:G)-I37)<1 -> TRUE
D38: 계약직 | F38: 0 | G38: 0 | H38: 0 | I38: 245458190 | J38: =ABS(SUMIF('(2-2) 재직자 명부'!I:I,4,'(2-2) 재직자 명부'!G:G)-I38)<1 -> TRUE
D39: 합계 | F39: =SUM(F36:F38) -> 0 | G39: =SUM(G36:G38) -> 0 | H39: =SUM(H36:H38) -> 0 | I39: =SUM(I36:I38) -> 13443112820 | J39: =ABS(SUM('(2-2) 재직자 명부'!G:G)-I39)<1 -> TRUE
B41: 퇴직부채 감소 (증가)액(원) | C41: 급여지급액 (A) | D41: 퇴직금 (a) | F41: 0 | G41: 0 | H41: 0 | I41: 206210860 | J41: =ABS(SUMIF('(2-4) 퇴직자 및 DC전환자 명부'!I:I,1,'(2-4) 퇴직자 및 DC전환자 명부'!G:G)-I41)<1 -> TRUE | K41: 기초부터 누계 퇴직금 지급액(퇴직급여충당금 감소 처리) (2-3) 퇴직자 명부의 퇴직금 합계와 일치 | N41: false일 경우 데이터 확인
D42: 중간정산금액 (b) | F42: 0 | G42: 0 | H42: 0 | I42: 0 | J42: =ABS((K44+L44)-I42)<1 -> TRUE | K42: 기초부터 누계 중간정산금액(퇴직급여충당금 감소 처리) (2-2) 재직자 명부의 중간정산액 합계와 일치
D43: DC 전환금 (c) | F43: 0 | G43: 0 | H43: 0 | I43: 255706880 | J43: =ABS(SUMIF('(2-4) 퇴직자 및 DC전환자 명부'!I:I,2,'(2-4) 퇴직자 및 DC전환자 명부'!G:G)-I43)<1 -> TRUE | K43: 기초부터 누계 DC전환금액(퇴직급여충당금 감소 처리) (2-3) DC전환자 명부의 DC전환금 합계와 일치
D44: 소계 (a+b+c) | F44: =SUM(F41:F43) -> 0 | G44: =SUM(G41:G43) -> 0 | H44: =SUM(H41:H43) -> 0 | I44: =SUM(I41:I43) -> 461917740 | J44: =ABS((SUM('(2-4) 퇴직자 및 DC전환자 명부'!G:G)+I42)-I44)<1 -> TRUE | K44: =SUMIFS('(2-2) 재직자 명부'!K:K,'(2-2) 재직자 명부'!J:J,">10000000",'(2-2) 재직자 명부'!J:J,">"&LEFT(I25,4)&"0000") -> 0 | L44: =SUMIFS('(2-2) 재직자 명부'!K:K,'(2-2) 재직자 명부'!J:J,"<10000000",'(2-2) 재직자 명부'!J:J,">="&DATE(LEFT(I25,4),1,1)) -> 0
C45: 관계사전입(전출)액 (B) | D45: 관계사 전입액 (d) | F45: 0 | G45: 0 | H45: 0 | I45: 0 | J45: =ABS(SUMIF('(2-5) 추가 명부'!J:J,1,'(2-5) 추가 명부'!G:G)-I45)<1 -> TRUE | K45: 기초부터 누계 관계사 전입(전출)액 (2-4) 추가 명부의 관계사 전입(전출)액 합계와 일치
D46: 관계사 전출액 (e) | F46: 0 | G46: 0 | H46: 0 | I46: 0 | J46: =ABS(SUMIF('(2-5) 추가 명부'!J:J,2,'(2-5) 추가 명부'!G:G)-I46)<1 -> TRUE
D47: 소계 (d-e) | F47: =F45-F46 -> 0 | G47: =G45-G46 -> 0 | H47: =H45-H46 -> 0 | I47: =I45-I46 -> 0 | J47: =ABS((SUMIF('(2-5) 추가 명부'!J:J,1,'(2-5) 추가 명부'!G:G)-SUMIF('(2-5) 추가 명부'!J:J,2,'(2-5) 추가 명부'!G:G))-I47)<1 -> TRUE
C48: 사업결합(처분)액 (C) | D48: 사업결합액 (f) | F48: 0 | G48: 0 | H48: 0 | I48: 0 | J48: =ABS(SUMIF('(2-5) 추가 명부'!J:J,3,'(2-5) 추가 명부'!G:G)-I48)<1 -> TRUE | K48: 기초부터 누계 사업결합(처분)액 (2-4) 추가 명부의 사업결합(처분) 금액 합계와 일치
D49: 사업처분액 (g) | F49: 0 | G49: 0 | H49: 0 | I49: 0 | J49: =ABS(SUMIF('(2-5) 추가 명부'!J:J,4,'(2-5) 추가 명부'!G:G)-I49)<1 -> TRUE
D50: 소계 (f-g) | F50: =F48-F49 -> 0 | G50: =G48-G49 -> 0 | H50: =H48-H49 -> 0 | I50: =I48-I49 -> 0 | J50: =ABS((SUMIF('(2-5) 추가 명부'!J:J,3,'(2-5) 추가 명부'!G:G)-SUMIF('(2-5) 추가 명부'!J:J,4,'(2-5) 추가 명부'!G:G))-I50)<1 -> TRUE
B51: 퇴직부채 감소(증가)액 합계 (A-B-C) | F51: =F44-F47-F50 -> 0 | G51: =G44-G47-G50 -> 0 | H51: =H44-H47-H50 -> 0 | I51: =I44-I47-I50 -> 461917740 | J51: =ABS((SUM('(2-4) 퇴직자 및 DC전환자 명부'!G:G)+K44)-(SUMIF('(2-5) 추가 명부'!J:J,1,'(2-5) 추가 명부'!G:G)-SUMIF('(2-5) 추가 명부'!J:J,2,'(2-5) 추가 명부'!G:G))-(SUMIF('(2-5) 추가 명부'!J:J,3,'(2-5) 추가 명부'!G:G)-SUMIF('(2-5) 추가 명부'!J:J,4,'(2-5) 추가 명부'!G:G))-I51)<1 -> TRUE
B53: ☞ 일시에 대규모의 전출입이 있을시 전출일 시점에 재평가가 필요하므로 알려주시기 바랍니다.
B55: 3. 사외적립자산 현황
B57: ☞ DC형 퇴직연금자산은 제외됩니다.
B58: ☞ 사외적립자산 재직자별 가입비율이 다를 경우, 재직자 퇴직자 명부 예비란에 비율기재
B59: ☞ 금액은 모두 (+)로 기재, 사외적립자산은 회계(재무) 부서에 작성 의뢰하면 더 정확합니다. (오류가 많은 부분이니 [재확인] 부탁드립니다)
B61: 항 목 | D61: 내 용 | J61: 비 고
D62: 구 분 | I62: =I25 -> 251231 | J62: 사외적립자산관련 자료 작성 기준일
B63: 사외적립 자산 변동내역 (원) | C63: 기초 잔액 (A) | F63: 0 | G63: 0 | H63: 0 | I63: 13623997304 | J63: =LEFT(I62,4)&"년 기초 잔액" -> 2512년 기초 잔액
C64: 입금(수탁)액(B) | F64: 0 | G64: 0 | H64: 0 | I64: 700000000 | J64: 기초부터 누계 입금(수탁)액
C65: 급여지급(인출)액 (C) | D65: 퇴 직 (a) | F65: 0 | G65: 0 | H65: 0 | I65: 206210860 | J65: 기초부터 누계 급여지급(인출)액
D66: 중간정산 (b) | F66: 0 | G66: 0 | H66: 0 | I66: 0
D67: DC전환 (c) | F67: 0 | G67: 0 | H67: 0 | I67: 255706880
D68: 소 계 (a+b+c) | F68: =SUM(F65:F67) -> 0 | G68: =SUM(G65:G67) -> 0 | H68: =SUM(H65:H67) -> 0 | I68: 461917740
C69: 관계사전입(전출)액 (D) | D69: 관계사전입 (d) | F69: 0 | G69: 0 | H69: 0 | I69: 0 | J69: 기초부터 누계 관계사전입(전출)액
D70: 관계사전출 (e) | F70: 0 | G70: 0 | H70: 0 | I70: 0
D71: 소 계 (d-e) | F71: =F69-F70 -> 0 | G71: =G69-G70 -> 0 | H71: =H69-H70 -> 0 | I71: 0
C72: 사업결합(처분)액 (E) | D72: 사업결합 (f) | F72: 0 | G72: 0 | H72: 0 | I72: 0 | J72: 기초부터 누계 사업결합(처분) 금액
D73: 사업처분 (g) | F73: 0 | G73: 0 | H73: 0 | I73: 0
D74: 소 계 (f-g) | F74: =F72-F73 -> 0 | G74: =G72-G73 -> 0 | H74: =H72-H73 -> 0 | I74: 0
C75: 운용성과 (F) | D75: 투자수익 (h) | F75: 0 | G75: 0 | H75: 0 | I75: 544079477 | J75: 기초부터 누계 투자수익 및 운용관리수수료 금액
D76: 운용관리수수료(i) | F76: 0 | G76: 0 | H76: 0 | I76: 52089959
D77: 소 계 (h-i) | F77: =F75-F76 -> 0 | G77: =G75-G76 -> 0 | H77: =H75-H76 -> 0 | I77: 491989518
C78: 기말 잔액(산식) | D78: (A+B-C+D+E+F) | F78: =F63+F64-F68+F71+F74+F77 -> 0 | G78: =G63+G64-G68+G71+G74+G77 -> 0 | H78: =H63+H64-H68+H71+H74+H77 -> 0 | I78: 14354069082
C79: 기말 잔액(입력) | D79: 퇴직연금 | F79: 0 | G79: 0 | H79: 0 | I79: 14354069082 | J79: 작성기준일 현재 사외적립자산의 공정가치 (퇴직연금사업자에게 확인)
D80: 퇴직신탁 | F80: 0 | G80: 0 | H80: 0 | I80: 0
D81: 퇴직보험 | F81: 0 | G81: 0 | H81: 0 | I81: 0
D82: 소 계 | F82: =SUM(F78:F80) -> 0 | G82: =SUM(G78:G80) -> 0 | H82: =SUM(H78:H80) -> 0 | I82: 14354069082
C83: 차 이 | D83: (산식-입력) | F83: =F78-F82 -> 0 | G83: =G78-G82 -> 0 | H83: =H78-H82 -> 0 | I83: =I78-I82 -> 0 | J83: 차이가 발생하면 입력 오류, 입력값 확인 필요 !!!
B84: 국민연금전환금 | D84: 기말잔액 | F84: 0 | G84: 0 | H84: 0 | I84: 0 | J84: 국민연금전환금이 있는 경우, 입력
D85: 공시방법 | F85: ① / ② / ③ | G85: ① / ② / ③ | H85: ① / ② / ③ | I85: ① / ② / ③ | J85: ① 별도 공시/② 사외적립자산에 포함/③ 미공시 중 선택
B87: 사외적립자산 세부내역 (원) | D87: 현금 및 현금등가물 | F87: 0 | G87: 0 | H87: 0 | I87: 0 | J87: 작성기준일 현재 사외적립자산의 자산의 세부내역
D88: 지분상품 | F88: 0 | G88: 0 | H88: 0 | I88: 0
D89: 채권 | F89: 0 | G89: 0 | H89: 0 | I89: 0
D90: 부동산 | F90: 0 | G90: 0 | H90: 0 | I90: 0
D91: 기타자산 | F91: 0 | G91: 0 | H91: 0 | I91: 0
D92: 합계 | F92: =SUM(F87:F91) -> 0 | G92: =SUM(G87:G91) -> 0 | H92: =SUM(H87:H91) -> 0 | I92: =SUM(I87:I91) -> 0
B93: 사외적립자산 세부구성비 (%) | D93: 현금 및 현금등가물 | F93: =IF(F$92=0,0,F87/F$92) -> 0 | G93: =IF(G$92=0,0,G87/G$92) -> 0 | H93: =IF(H$92=0,0,H87/H$92) -> 0 | I93: =IF(I$92=0,0,I87/I$92) -> 0 | J93: (자동계산)
D94: 지분상품 | F94: =IF(F$92=0,0,F88/F$92) -> 0 | G94: =IF(G$92=0,0,G88/G$92) -> 0 | H94: =IF(H$92=0,0,H88/H$92) -> 0 | I94: =IF(I$92=0,0,I88/I$92) -> 0
D95: 채권 | F95: =IF(F$92=0,0,F89/F$92) -> 0 | G95: =IF(G$92=0,0,G89/G$92) -> 0 | H95: =IF(H$92=0,0,H89/H$92) -> 0 | I95: =IF(I$92=0,0,I89/I$92) -> 0
D96: 부동산 | F96: =IF(F$92=0,0,F90/F$92) -> 0 | G96: =IF(G$92=0,0,G90/G$92) -> 0 | H96: =IF(H$92=0,0,H90/H$92) -> 0 | I96: =IF(I$92=0,0,I90/I$92) -> 0
D97: 기타자산 | F97: =IF(F$92=0,0,F91/F$92) -> 0 | G97: =IF(G$92=0,0,G91/G$92) -> 0 | H97: =IF(H$92=0,0,H91/H$92) -> 0 | I97: =IF(I$92=0,0,I91/I$92) -> 0
D98: 합계 | F98: =SUM(F93:F97) -> 0 | G98: =SUM(G93:G97) -> 0 | H98: =SUM(H93:H97) -> 0 | I98: =SUM(I93:I97) -> 0
B100: 4. 퇴직급여제도의 주요 사항 | J100: YES | K100: 법정제 | L100: 예 (호봉제)
J101: NO | K101: 아니오 (연봉제) | L101: 아니오 (연봉제)
B102: 항목 | F102: 내용 | J102: 비고
B103: 정년퇴직연령 | F103: 60 | J103: 재직자별로 정년이 다른 경우 구분 필요 | N103: 정년확인 | O103: 비어있는 경우 작년보고서와 동일여부 확인
B104: 임금피크제 | F104: YES | H104: =IF(F104="YES","적용시작연령","") -> 적용시작연령 | I104: 58 | J104: YES인 경우, 아래 "9. 특이사항"에 세부내용 명시 필요 | O104: 300인 이상 기업의 경우 정년 60세 이하면 확인 요청
B105: 기타장기종업원급여 | F105: YES | J105: 장기근속포상, 퇴직위로금 등이 있는 경우 YES 선택 YES 인 경우, "(1-3) 기초자료_기타장기종업원급여" 작성 필요
B106: 지급률 가감 | D106: + | J106: 인별로 지급률 가감이 적용된 경우 명시하시고, 아래 "9. 특이사항"에 세부내용 명시 필요
D107: - | F107: 수습기간
B108: 제도구분 | F108: 법정제 | J108: 드롭박스에서 선택 누진제인 경우, 아래 "9. 특이사항"에 세부내용 명시 필요 | M108: 법정제
B109: 기타 | F109: 1년미만 근무기간 처리방법( 일할 ) | J109: 퇴직금 계산에 적용하는 근무기간이 1년을 초과하는 기간을 처리하는 기준, 월할(절사) / 월할(절상) / 일할 등 택1 명시 예) 근무기간 5년 3개월 14일 월할(절상) : 5년 4개월 / 일할 : 5년 3개월 14일 | M109: 누진제 | N109: 1년미만 (일할/월할) | O109: 1년 미만 근무자 포함여부가 아닌, 근속년수 산정에 관한 사항임. (참고 : 근속년수 1년 미만인 신입직원도 산출대상에 포함됨)
B110: 회계기간 중 축소, 정산, 사업결합, 중간정산, DC전환 발생여부 | F110: YES | J110: Y (Yes)인 경우 위의 "2.", "3." 양식에 입력 필요 아래 "9. 특이사항"에 세부내용 명시 필요 해당자는 "(2-4) 추가 명부" 작성 필요
B111: 회계기간 중 일부 중간정산, DC전환 발생 여부 | F111: NO | J111: Y (Yes)인 경우, 전액이 아닌 일부 중간정산, DC전환한 경우, "(2-2) 재직자 명부" 예비란에 정산비율 입력 필요
B112: 임금인상률 (Base-up) | F112: 근무기간에 따라 호봉이 올라 급여가 인상되는 임금체계 입니까? (드롭박스에서 예/아니오 선택) | I112: 아니오 (연봉제) | J112: <호봉제>는 근무기간에 따라 호봉이 올라서 급여가 인상되는 임금체계, <연봉제>는 업무성과에 따라서 급여가 결정되는 임금체계 | N112: base-up율 | O112: 과거평균/한국은행고시2%/장래예상 중 택일 후 기준 명시 (작년보고서 참조)
E113: 2019년 | F113: 0.0213 | J113: 2019.01.01 | K113: 적용 연월일 명시 필요 (<호봉제>의 경우 직원별 승급/승진으로 인한 인상분을 제외한 재직자의 평균 임금상승률 기재) | N113: =F113 -> 0.0213
E114: 2020년 | F114: 0.025 | H114: 0 | J114: 2020.01.01 | N114: =F114 -> 0.025
E115: 2021년 | F115: 0.025 | H115: 0 | J115: 2021.01.01 | N115: =F115 -> 0.025
...

Sheet (1-3) 기초자료_기타장기종업원급여
B2: (1-3) 기타장기종업원급여채무 평가를 위한 기초자료
B4: 1. 기타장기종업원급여 지급규정
B5: - 관련규정을 다음과 같이 요약하여 주시기 바랍니다.
B6: - 아래 양식 이외에 필요한 정보가 있으면 양식에 추가하여 작성하여 주시기 바랍니다.
B7: - 아래의 표는 예시로 작성된 것이며, 귀사의 규정에 맞게 수정하여 주시면 됩니다.
B10: 근속년수 | C10: 지급액 | D10: 지급기준 | E10: 지급방법 | F10: 기타
B11: 35년 근속상 | C11: 현금 200만원 | D11: 7월중 일괄지급, 만 35년 근무자 | E11: 현금 | F11: 2024년 9월 변경(100만원 → 200만원)
B12: 30년 근속상 | C12: 금 15돈 | D12: 7월중 일괄지급, 만 30년 근무자 | E12: 금 현물 지급 | F12: 2024년 9월 변경(200만원 → 금 15돈)
B13: 25년 근속상 | C13: 금 10돈 / 격려금 70만원 / 유급휴가 4일 | D13: 7월중 일괄지급, 만 25년 근무자 | E13: 금 현물 지급 / 현금 / 휴가지급
B14: 10년 근속상 | C14: 금 4돈 | D14: 7월중 일괄지급, 만 10년 근무자 | E14: 금 현물 지급
B15: 5년 근속상 | C15: 유급휴가 2일 | D15: 7월중 일괄지급, 만 5년 근무자 | E15: 휴가지급 | F15: 2024년 9월 신설
B16: 퇴직 시 | C16: 15년 ~ 19년 : 금 6돈 20년 ~ 24년 : 금 8돈 | D16: 퇴직 시 지급 | E16: 금 현물 지급
B18: 2. 기타장기종업원급여 지급내역 (최근 3년)
B19: - 아래 양식이 적합하지 않으면 양식을 변경하여 작성하여 주시기 바랍니다.
B20: - 인원은 명, 금액은 원입니다. 단위를 확인하여 주시기 바랍니다.
B21: - 과거 3년 동안, 연도별 지급내역을 기록하여 주십시오 (기간은 회사가 비용으로 처리한 날짜 기준입니다)
B22: - 아래의 표는 예시로 작성된 것이며, 예시를 참고로 하여 귀사의 실제 지급내역을 입력해 주시기 바랍니다.
B24: <작성방법>
B25: ① 근속자(명) | C25: 해당인원 수 기재
B26: ② 장기근속 축하금 | C26: 실적 발생금액 합계
B27: ③ 세부내역 | C27: 포인트, 현금, 실물(금, 또는 여행권) 지급 여부 기재
C29: (2025.1.1 ~ 2025.12.31)
B30: 근속년수 | C30: 근속자(명) | D30: 장기근속축하금(합계, 원) | E30: 세부 내역
B31: 30년 근속상 | C31: 2명 | D31: 18518500 | E31: 금 15돈
B32: 25년 근속상 | C32: 9명 | D32: =55618200+6300000+6314560 -> 68232760 | E32: 금10돈 / 격려금 70만원 / 유급휴가 4일
B33: 10년 근속상 | C33: 2명 | D33: 4697600 | E33: 금 4돈
B34: 5년 근속상 | C34: 2명 | D34: 590560 | E34: 유급휴가 2일
B35: 합계 | C35: 13명 | D35: =SUM(D31:D34) -> 92039420
C37: (2024.1.1 ~ 2024.12.31)
B38: 근속년수 | C38: 근속자(명) | D38: 장기근속축하금(합계, 원) | E38: 세부 내역
B39: 25년 근속상 | C39: 3명 | D39: =16050000+(568640+498880+969920) -> 18087440 | E39: 금10돈 / 격려금 70만원 / 유급휴가 4일
B40: 10년 근속상 | C40: 1명 | D40: 2050000 | E40: 금 4돈
B41: 퇴직 시 | C41: 1명 | D41: 4829000 | E41: 금 8돈
B42: 합계 | C42: 5명 | D42: =SUM(D39:D41) -> 24966440
C44: (2023.1.1 ~ 2023.12.31)
B45: 근속년수 | C45: 근속자(명) | D45: 장기근속축하금(합계, 원) | E45: 세부 내역
B46: 30년 근속상 | C46: 3명 | D46: 6000000 | E46: 200만원
B47: 25년 근속상 | C47: 1명 | D47: =3685000+940800+700000 -> 5325800 | E47: 금10돈 / 격려금 70만원 / 유급휴가 4일
B48: 10년 근속상 | C48: 3명 | D48: 4884000 | E48: 금 4돈
B49: 합계 | C49: 7명 | D49: =D46+D48+D47 -> 16209800

Sheet (2-1) 명부 작성방법
C2: (2-1) 명부 작성방법
C3: ☞ 모든 항목은 필수 입력 사항입니다.
C4: ☞ 명부는 "(2-2) 재직자 명부", "(2-3) 퇴직자 및 DC 전환자 명부", "(2-3) 추가 명부" 로 구분됩니다.
C6: 구분 | D6: 항목명 | E6: 작성방법
C7: 공통 | E7: 평가기준일을 기준으로 작성 양식 변경 절대 불가 1년 미만 근속 재직자 포함 퇴직금을 지급하지 않는 재직자 제외 DC 또는 IRP 제도 가입자는 제외
D8: 사원번호 | E8: 회사가 정한 사원번호 입력
D9: 생년월일 | E9: yyyymmdd 형식
D10: 성별 | E10: 남 : 1, 여 : 2
D11: 입사일자 | E11: yyyymmdd 형식, 최초 입사일자 (퇴직금 산정 기준일) 입력
C12: 재직자 명부 | D12: 기준급여 | E12: 퇴직금 지급의 기준이 되는 월 기준급여 입력 (예: 법정제인 경우 평균임금)
D13: 당년도 퇴직금추계액 | E13: 사규에서 정하는 퇴직금 추계액 입력(평가기준일 기준) 임원, 계약직은 필수 입력
D14: 차년도 퇴직금추계액 | E14: 사규에서 정하는 차년도퇴직금추계액 입력(평가기준일로 부터 1년후 퇴직을 가정) 임원, 계약직은 필수 입력
D15: 종업원 구분 | E15: 일반직: 1, 임원: 3, 계약직: 4 계약직이라도 정규직의 퇴직금규정을 적용하고 정년이 일반직과 동일한 경우 2 입력(직종 3, 4는 정년이 적용되지 않음)
D16: 중간정산기준일 | E16: 입사 후 중간정산 한 적이 있는 경우 반드시 입력 중간정산일 당일 입력 여러 번 중간정산한 경우 최종 중간정산일자 입력
D17: 중간정산액 | E17: =LEFT('(1-2) 기초자료_퇴직급여 '!I25,4)&"년에 중간정산 한 재직자는 반드시 입력"& "(그 외의 중간정산자는 입력하지 않아도 됨)" -> 2512년에 중간정산 한 재직자는 반드시 입력(그 외의 중간정산자는 입력하지 않아도 됨)
D18: 제도구분 | E18: 퇴직금 제도가 구분 되어 적용되는 경우 숫자로 구분 (1,2,3..) 구분되지 않는 경우는 입력하지 않아도 됨 (예 생산: 1 , 사무직: 2)
C19: 퇴직자 및 DC전환자 명부 | E19: 300인 이상인 기업의 경우 3년치(평가기준일 직전 3년간) 퇴직자명부 작성 300인 미만인 경우 해당 회계년도의 퇴직자만 작성
D20: 퇴직일 / DC전환일 | E20: 퇴직일 또는 DC 전환일 입력
D21: 사유 | E21: 1: 퇴직, 2: DC전환 구분 입력
D22: 제도구분 | E22: 퇴직금 제도가 구분 되어 적용되는 경우 숫자로 구분 (1,2,3..) 구분되지 않는 경우는 입력하지 않아도 됨 (예 생산: 1 , 사무직: 2)
C23: 추가 명부 | D23: 유의적인 채무 변동이 있을 경우 변동 원인을 평가하여 반영하기 위한 명부
E24: 다음 중 해당사항이 있는 경우에만 입력 : 축소, 정산, 사업결합, 사업분할,기타장기종업원급여 해당 사건 발생일을 기준으로 작성
D25: 기준급여, 직종, 중간정산일 | E25: 재직자 명부와 동일한 방식으로 작성
D26: 사유발생일 시점 퇴직금추계액 | E26: 사유발생일 시점에 퇴직 시 지급하여야 하는 퇴직금 입력
D27: 사유 | E27: 1: 관계사전입, 2: 관계사전출, 3: 사업결합, 4: 사업처분, 5: 기타장기종업원 해당사항 숫자로 입력
D28: 사유발생일 | E28: 해당 사유 발생일 입력

Sheet (2-2) 재직자 명부
A1: 참고사항 | B1: 사원번호 | C1: 생년월일 | D1: 성별 (1:남자, 2:여자) | E1: 입사일자 | F1: 기준급여 | G1: 당년도 퇴직금추계액 | H1: 차년도 퇴직금추계액 | I1: 종업원 구분 (1:직원, 3:임원, 4:계약직) | J1: 중간정산기준일 | K1: 중간정산액 | L1: 제도구분 (1,2,3) | M1: 적용배수
A2: ※ 양식 변경 절대 불가 | B2: 1 | C2: 19670702 | D2: 1 | E2: 36770 | F2: 47270000 | G2: 3.59252e+09 | H2: 3.73433e+09 | I2: 3 | M2: 3
A3: 입사일자 | B3: 2 | C3: 19691224 | D3: 1 | E3: 39083 | F3: 77830000 | G3: 4436310000 | H3: 4669800000 | I3: 3 | M3: 3
A4: 최초 입사일자 입력 | B4: 3 | C4: 19580912 | D4: 1 | E4: 42811 | F4: 23630000 | G4: 638010000 | H4: 708900000 | I4: 3 | M4: 3
A5: 기준급여 | B5: 4 | C5: 19681023 | D5: 1 | E5: 44927 | F5: 12100000 | G5: 108900000 | H5: 145200000 | I5: 3 | M5: 3
A6: 퇴직금 계산시 사용되는 평균임금 | B6: 5 | C6: 19641227 | D6: 1 | E6: 45292 | F6: 15900000 | G6: 95400000 | H6: 143100000 | I6: 3 | M6: 3
A7: 당년도 퇴직금추계액 | B7: 6 | C7: 19930729 | D7: 1 | E7: 43435 | F7: 4203350 | G7: 29773730 | I7: 1
A8: 작성기준일 현재 퇴직시 지급하는 퇴직금 | B8: 7 | C8: 19730205 | D8: 1 | E8: 43282 | F8: 6465480 | G8: 48491100 | I8: 1
A9: (임원, 계약직 필수 입력) | B9: 8 | C9: 19860403 | D9: 1 | E9: 43997 | F9: 4780400 | G9: 26514850 | I9: 1
A10: 차년도 퇴직금추계액 | B10: 9 | C10: 19720823 | D10: 1 | E10: 35202 | F10: 7846620 | G10: 232451640 | I10: 1
A11: 작성기준일로부터 1년 후 퇴직시 지급하는 퇴직금 | B11: 10 | C11: 19760126 | D11: 1 | E11: 36557 | F11: 6783220 | G11: 175798460 | I11: 1
A12: (임원, 계약직 필수 입력) | B12: 11 | C12: 19670727 | D12: 1 | E12: 36825 | F12: 6564940 | G12: 165325580 | I12: 1
A13: 중간정산기준일 | B13: 12 | C13: 19800220 | D13: 1 | E13: 37902 | F13: 6476000 | G13: 143977160 | I13: 1
A14: 입사 후 중간정산한 적이 있는 경우 반드시 입력 | B14: 13 | C14: 19811219 | D14: 1 | E14: 39143 | F14: 6594780 | G14: 124194170 | I14: 1
A15: 중간정산 당일로 입력 | B15: 14 | C15: 19870924 | D15: 1 | E15: 40072 | F15: 5226600 | G15: 85161370 | I15: 1
A16: 중간정산액 | B16: 15 | C16: 19860102 | D16: 1 | E16: 41164 | F16: 6104340 | G16: 81216990 | I16: 1
A17: =LEFT('(1-2) 기초자료_퇴직급여 '!I25,4)&"년에 중간정산한 종업원은 반드시 입력" -> 2512년에 중간정산한 종업원은 반드시 입력 | B17: 16 | C17: 19820401 | D17: 1 | E17: 39995 | F17: 6189690 | G17: 102129890 | I17: 1
A18: 그 외 중간정산자는 입력하지 않아도 됨 | B18: 17 | C18: 19700611 | D18: 1 | E18: 34121 | F18: 8079070 | G18: 168987220 | I18: 1 | J18: 2005-01-31
A19: 제도구분 | B19: 18 | C19: 19720426 | D19: 1 | E19: 35370 | F19: 6638060 | G19: 127229490 | I19: 1 | J19: 2006-10-31
A20: 구분되는 제도를 반영하는 경우 입력 (숫자기입) | B20: 19 | C20: 19740110 | D20: 1 | E20: 36936 | F20: 6447080 | G20: 160420430 | I20: 1
A21: 적용배수 | B21: 20 | C21: 19741217 | D21: 1 | E21: 37719 | F21: 6607610 | G21: 150206970 | I21: 1
A22: 임원의 경우 적용 배수 입력 ( 예: 1.5, 2, 3... ) | B22: 21 | C22: 19790615 | D22: 1 | E22: 37853 | F22: 5945880 | G22: 132986800 | I22: 1
A23: 기타 | B23: 22 | C23: 19810314 | D23: 1 | E23: 38461 | F23: 6834520 | G23: 141490170 | I23: 1
A24: 전액 확정기여형(DC) 제도 가입자는 제외 | B24: 23 | C24: 19770630 | D24: 1 | E24: 39258 | F24: 6413550 | G24: 118773680 | I24: 1
A25: 1년 미만 재직자도 입력 | B25: 24 | C25: 19830927 | D25: 1 | E25: 41438 | F25: 6037060 | G25: 75777510 | I25: 1
A26: 기준급여 * 지급률 = 당년도 퇴직금추계액 | B26: 25 | C26: 19910130 | D26: 1 | E26: 41857 | F26: 5377790 | G26: 61331370 | I26: 1
B27: 26 | C27: 19930627 | D27: 1 | E27: 43787 | F27: 4062840 | G27: 24871450 | I27: 1
B28: 27 | C28: 19680302 | D28: 1 | E28: 33635 | F28: 7811700 | G28: 164388130 | I28: 1 | J28: 2004-12-15
B29: 28 | C29: 19700703 | D29: 1 | E29: 33995 | F29: 8274960 | G29: 189997240 | I29: 1 | J29: 2003-01-15
B30: 29 | C30: 19720203 | D30: 1 | E30: 34750 | F30: 8057370 | G30: 155104380 | I30: 1 | J30: 2006-09-30
B31: 30 | C31: 19730616 | D31: 1 | E31: 36122 | F31: 7293300 | G31: 197706710 | I31: 1
B32: 31 | C32: 19780613 | D32: 1 | E32: 37811 | F32: 6196670 | G32: 139299160 | I32: 1
B33: 32 | C33: 19851028 | D33: 1 | E33: 41438 | F33: 5278190 | G33: 66252130 | I33: 1
B34: 33 | C34: 19710802 | D34: 1 | E34: 35283 | F34: 7436350 | G34: 144299150 | I34: 1 | J34: 2006-08-05
B35: 34 | C35: 19770704 | D35: 1 | E35: 36551 | F35: 7386940 | G35: 191566290 | I35: 1
B36: 35 | C36: 19780909 | D36: 1 | E36: 37508 | F36: 7121890 | G36: 166032720 | I36: 1
B37: 36 | C37: 19800105 | D37: 1 | E37: 42240 | F37: 5671740 | G37: 58732300 | I37: 1
B38: 37 | C38: 19680723 | D38: 1 | E38: 35027 | F38: 6088380 | G38: 122408410 | I38: 1 | J38: 2005-11-23
B39: 38 | C39: 19821014 | D39: 1 | E39: 42248 | F39: 5209180 | G39: 53828200 | I39: 1
B40: 39 | C40: 19601224 | D40: 2 | E40: 42795 | F40: 2898230 | G40: 25601040 | H40: 29327130 | I40: 4
B41: 40 | C41: 19611022 | D41: 1 | E41: 41828 | F41: 3544440 | G41: 40698750 | H41: 44984520 | I41: 4
B42: 41 | C42: 19610516 | D42: 1 | E42: 40882 | F42: 3661470 | G42: 51531430 | H42: 57273260 | I42: 4
B43: 42 | C43: 19620815 | D43: 1 | E43: 43542 | F43: 3557210 | G43: 24147610 | H43: 28420570 | I43: 4
B44: 43 | C44: 19621107 | D44: 1 | E44: 44137 | F44: 3361310 | G44: 17362940 | H44: 22767380 | I44: 4
B45: 44 | C45: 19590131 | D45: 1 | E45: 42186 | F45: 2957110 | G45: 31049660 | H45: 35897140 | I45: 4
B46: 45 | C46: 19780129 | D46: 1 | E46: 44389 | F46: 6620840 | G46: 29604830 | I46: 1
B47: 46 | C47: 19921210 | D47: 1 | E47: 44361 | F47: 4569990 | G47: 20790330 | I47: 1
B48: 47 | C48: 19901105 | D48: 1 | E48: 43843 | F48: 3820390 | G48: 22802850 | I48: 1
B49: 48 | C49: 20030416 | D49: 2 | E49: 44564 | F49: 2532730 | G49: 10121090 | I49: 1
B50: 49 | C50: 19970217 | D50: 1 | E50: 44634 | F50: 4612680 | G50: 17525030 | I50: 1
B51: 50 | C51: 19620110 | D51: 1 | E51: 44634 | F51: 3480520 | G51: 13223600 | H51: 17669020 | I51: 4
B52: 51 | C52: 19850201 | D52: 1 | E52: 44700 | F52: 4948200 | G52: 17907290 | I52: 1
B53: 52 | C53: 19790614 | D53: 1 | E53: 44704 | F53: 5553160 | G53: 20035750 | I53: 1
B54: 53 | C54: 19920210 | D54: 1 | E54: 44739 | F54: 3253600 | G54: 11432170 | I54: 1
B55: 54 | C55: 19951022 | D55: 1 | E55: 44743 | F55: 3457990 | G55: 12102970 | I55: 1
B56: 55 | C56: 19950505 | D56: 1 | E56: 44774 | F56: 3340010 | G56: 11411700 | I56: 1
B57: 56 | C57: 19541105 | D57: 1 | E57: 44823 | F57: 2763480 | G57: 9079740 | H57: 12361740 | I57: 4
B58: 57 | C58: 19950723 | D58: 1 | E58: 44886 | F58: 3373340 | G58: 10502800 | I58: 1
B59: 58 | C59: 19830820 | D59: 1 | E59: 44921 | F59: 4955600 | G59: 14948270 | I59: 1
B60: 59 | C60: 19931126 | D60: 1 | E60: 44978 | F60: 3311690 | G60: 9482930 | I60: 1
B61: 60 | C61: 19951021 | D61: 1 | E61: 44980 | F61: 3085340 | G61: 8817880 | I61: 1
B62: 61 | C62: 19800822 | D62: 1 | E62: 45089 | F62: 4630090 | G62: 11828930 | I62: 1
B63: 62 | C63: 19621001 | D63: 1 | E63: 45159 | F63: 3474600 | G63: 8212120 | H63: 12221010 | I63: 4
B64: 63 | C64: 19930225 | D64: 2 | E64: 45175 | F64: 2607560 | G64: 6052760 | I64: 1
B65: 64 | C65: 19820614 | D65: 1 | E65: 45189 | F65: 2807550 | G65: 6409290 | I65: 1
B66: 65 | C66: 19830314 | D66: 1 | E66: 45231 | F66: 3153970 | G66: 6833610 | I66: 1
B67: 66 | C67: 19721130 | D67: 2 | E67: 45231 | F67: 2710610 | G67: 5872990 | I67: 1
B68: 67 | C68: 19620225 | D68: 1 | E68: 45272 | F68: 3321750 | G68: 6825520 | H68: 10560950 | I68: 4
B69: 68 | C69: 20051021 | D69: 2 | E69: 45293 | F69: 2515840 | G69: 5028810 | I69: 1
B70: 69 | C70: 19620609 | D70: 1 | E70: 45323 | F70: 3436480 | G70: 6586590 | H70: 10407370 | I70: 4
B71: 70 | C71: 19970723 | D71: 1 | E71: 45376 | F71: 3283410 | G71: 5808940 | I71: 1
B72: 71 | C72: 19941007 | D72: 1 | E72: 45420 | F72: 3292120 | G72: 5429000 | I72: 1
B73: 72 | C73: 19640326 | D73: 1 | E73: 45474 | F73: 3718320 | G73: 5577480 | H73: 9713080 | I73: 4
B74: 73 | C74: 19930429 | D74: 1 | E74: 45481 | F74: 3008430 | G74: 4459760 | I74: 1
B75: 74 | C75: 19911108 | D75: 2 | E75: 45642 | F75: 2918550 | G75: 3046490 | I75: 1
B76: 75 | C76: 19610918 | D76: 1 | E76: 45649 | F76: 3378510 | G76: 3461820 | H76: 7201390 | I76: 4
B77: 76 | C77: 19690315 | D77: 1 | E77: 2025/01/01 | F77: 9075840 | G77: 9075840 | I77: 1
B78: 77 | C78: 20060529 | D78: 2 | E78: 2025/01/01 | F78: 2414100 | G78: 2414100 | I78: 1
B79: 78 | C79: 20060120 | D79: 2 | E79: 2025/01/01 | F79: 2383340 | G79: 2383340 | I79: 1
B80: 79 | C80: 19910823 | D80: 2 | E80: 2025/02/13 | F80: 2569590 | G80: 2275090 | I80: 1
B81: 80 | C81: 20060529 | D81: 2 | E81: 2025/05/08 | F81: 2356010 | G81: 1529260 | I81: 1
B82: 81 | C82: 19620125 | D82: 1 | E82: 2025/05/19 | F82: 3392660 | G82: 2099890 | H82: 5721290 | I82: 4
B83: 82 | C83: 20001016 | D83: 1 | E83: 2025/07/07 | F83: 3043860 | G83: 1476760 | I83: 1
B84: 83 | C84: 19940607 | D84: 1 | E84: 2025/07/21 | F84: 2857060 | G84: 1276550 | I84: 1
B85: 84 | C85: 20010914 | D85: 1 | E85: 2025/11/17 | F85: 2724840 | G85: 339050 | I85: 1 | N85: 수습사원85% 적용자
B86: 85 | C86: 19850827 | D86: 1 | E86: 2025/12/01 | F86: 4677440 | G86: 389790 | I86: 1
B87: 86 | C87: 19880616 | D87: 1 | E87: 2025/12/01 | F87: 4482270 | G87: 373530 | I87: 1
K1778: 20878051
K1867: 89014450

Sheet (2-3) 기타장기 재직자 명부
A1: 참고사항 | B1: 사원번호 | C1: 생년월일 | D1: 성별 (1:남자, 2:여자) | E1: 입사일자 | F1: 기준급여 | I1: 종업원 구분 (1:직원, 3:임원, 4:계약직)
A2: ※ 양식 변경 절대 불가 | B2: 88 | C2: 19930729 | D2: 1 | E2: 43435 | F2: 140160 | I2: 1
A3: 입사일자 | B3: 89 | C3: 19730205 | D3: 1 | E3: 43282 | F3: 148720 | I3: 1 | L3: 회사 전체에 장기포상 대상자가 되는 인원에 대한 정보를 부탁드립니다.
A4: 최초 입사일자 입력 | B4: 90 | C4: 19860403 | D4: 1 | E4: 43997 | F4: 159840 | I4: 1 | L4: 퇴직급여 산출 시 적용한 중간정산일은 무시해주시기 바랍니다.
A5: 기준급여 | B5: 91 | C5: 19720823 | D5: 1 | E5: 35202 | F5: 132960 | I5: 1 | L5: 예를 들어 계약직, 임원에 대해 장기포상을 지급하지 않으면 명부에 기재하지 않으셔도 됩니다.
A6: 퇴직금 계산시 사용되는 평균임금 | B6: 92 | C6: 19760126 | D6: 1 | E6: 36557 | F6: 128080 | I6: 1
B7: 93 | C7: 19670727 | D7: 1 | E7: 36825 | F7: 126080 | I7: 1
B8: 94 | C8: 19800220 | D8: 1 | E8: 37902 | F8: 121760 | I8: 1
B9: 95 | C9: 19811219 | D9: 1 | E9: 39143 | F9: 116240 | I9: 1
B10: 96 | C10: 19870924 | D10: 1 | E10: 40072 | F10: 111840 | I10: 1
B11: 97 | C11: 19860102 | D11: 1 | E11: 41164 | F11: 108560 | I11: 1
B12: 98 | C12: 19820401 | D12: 1 | E12: 39995 | F12: 203840 | I12: 1
B13: 99 | C13: 19700611 | D13: 1 | E13: 34121 | F13: 140480 | I13: 1
B14: 100 | C14: 19720426 | D14: 1 | E14: 35370 | F14: 132960 | I14: 1
B15: 101 | C15: 19740110 | D15: 1 | E15: 36936 | F15: 124960 | I15: 1
B16: 102 | C16: 19741217 | D16: 1 | E16: 37719 | F16: 123360 | I16: 1
B17: 103 | C17: 19790615 | D17: 1 | E17: 37853 | F17: 120640 | I17: 1
B18: 104 | C18: 19810314 | D18: 1 | E18: 38461 | F18: 119600 | I18: 1
... B37: 123 | C37: 19901105 | D37: 1 | E37: 43843 | F37: 108080 | I37: 1
B38: 124 | C38: 20030416 | D38: 2 | E38: 44564 | F38: 89280 | I38: 1
B39: 125 | C39: 19970217 | D39: 1 | E39: 44634 | F39: 92480 | I39: 1
B40: 126 | C40: 19850201 | D40: 1 | E40: 44700 | F40: 165920 | I40: 1
B41: 127 | C41: 19790614 | D41: 1 | E41: 44704 | F41: 186160 | I41: 1
B42: 128 | C42: 19920210 | D42: 1 | E42: 44739 | F42: 93040 | I42: 1
B43: 129 | C43: 19951022 | D43: 1 | E43: 44743 | F43: 115920 | I43: 1
B44: 130 | C44: 19950505 | D44: 1 | E44: 44774 | F44: 112160 | I44: 1
B45: 131 | C45: 19950723 | D45: 1 | E45: 44886 | F45: 113120 | I45: 1
B46: 132 | C46: 19830820 | D46: 1 | E46: 44921 | F46: 166160 | I46: 1
B47: 133 | C47: 19931126 | D47: 1 | E47: 44978 | F47: 111040 | I47: 1
B48: 134 | C48: 19951021 | D48: 1 | E48: 44980 | F48: 88800 | I48: 1
B49: 135 | C49: 19800822 | D49: 1 | E49: 45089 | F49: 155200 | I49: 1
B50: 136 | C50: 19930225 | D50: 2 | E50: 45175 | F50: 91920 | I50: 1
... B53: 139 | C53: 19721130 | D53: 2 | E53: 45231 | F53: 96400 | I53: 1
B54: 140 | C54: 20051021 | D54: 2 | E54: 45293 | F54: 85040 | I54: 1
B55: 141 | C55: 19970723 | D55: 1 | E55: 45376 | F55: 106880 | I55: 1
B56: 142 | C56: 19941007 | D56: 1 | E56: 45420 | F56: 106880 | I56: 1
B57: 143 | C57: 19930429 | D57: 1 | E57: 45481 | F57: 88800 | I57: 1
B58: 144 | C58: 19911108 | D58: 2 | E58: 45642 | F58: 102640 | I58: 1
B59: 145 | C59: 19690315 | D59: 1 | E59: 2025/01/01 | F59: 296160 | I59: 1
B60: 146 | C60: 20060529 | D60: 2 | E60: 2025/01/01 | F60: 83840 | I60: 1
B61: 147 | C61: 20060120 | D61: 2 | E61: 2025/01/01 | F61: 83840 | I61: 1
B62: 148 | C62: 19910823 | D62: 2 | E62: 2025/02/13 | F62: 91440 | I62: 1
B63: 149 | C63: 20060529 | D63: 2 | E63: 2025/05/08 | F63: 83840 | I63: 1
B64: 150 | C64: 20001016 | D64: 1 | E64: 2025/07/07 | F64: 103840 | I64: 1
B65: 151 | C65: 19940607 | D65: 1 | E65: 2025/07/21 | F65: 85920 | I65: 1
B66: 152 | C66: 20010914 | D66: 1 | E66: 2025/11/17 | F66: 103840 | I66: 1
B67: 153 | C67: 19850827 | D67: 1 | E67: 2025/12/01 | F67: 153760 | I67: 1
B68: 154 | C68: 19880616 | D68: 1 | E68: 2025/12/01 | F68: 147120 | I68: 1

Sheet (2-4) 퇴직자 및 DC전환자 명부
A1: 참고사항 | B1: 사원번호 | C1: 생년월일 | D1: 성별 (1:남자, 2:여자) | E1: 입사일자 | F1: 퇴직일 또는 DC전환일 | G1: 퇴직금 또는 DC전환금 | H1: 종업원 구분 (1:직원, 3:임원, 4:계약직) | I1: 사유 (1: 퇴직, 2: DC전환) | J1: 제도구분 (1,2,3)
A2: ※ 양식 변경 절대 불가 | B2: 155 | C2: 19660222 | D2: 1 | E2: 20210101 | F2: 20241231 | G2: 155520000 | H2: 3 | I2: 1
A3: 해당 회계연도에 발생한 사항 입력 | B3: 156 | C3: 19870511 | D3: 1 | E3: 20140106 | F3: 20250131 | G3: 60229060 | H3: 1 | I3: 2
A4: 퇴직금(DC전환금)이 0인 경우에도 입력 | B4: 156 | C4: 19920713 | D4: 2 | E4: 20241021 | F4: 20250205 | G4: 0 | H4: 1 | I4: 1
A5: 전액 확정기여형(DC)을 가입한 퇴직자 제외 | B5: 157 | C5: 20030227 | D5: 2 | E5: 20210322 | F5: 20250311 | G5: 10380260 | H5: 1 | I5: 1
B6: 157 | C6: 19721005 | D6: 1 | E6: 20020425 | F6: 20250331 | G6: 149625200 | H6: 1 | I6: 2
B7: 158 | C7: 19610518 | D7: 1 | E7: 20240819 | F7: 20250405 | G7: 0 | H7: 4 | I7: 1
B8: 158 | C8: 19940329 | D8: 2 | E8: 20250514 | F8: 20250518 | G8: 0 | H8: 1 | I8: 1
B9: 159 | C9: 19980107 | D9: 1 | E9: 20230201 | F9: 20250707 | G9: 7788670 | H9: 1 | I9: 1
B10: 159 | C10: 20050113 | D10: 2 | E10: 20240219 | F10: 20250903 | G10: 3624310 | H10: 1 | I10: 1
B11: 160 | C11: 19981204 | D11: 1 | E11: 20250701 | F11: 20250930 | G11: 0 | H11: 1 | I11: 1
B12: 160 | C12: 19920219 | D12: 1 | E12: 20161101 | F12: 20250930 | G12: 45852620 | H12: 1 | I12: 2
B13: 161 | C13: 19900615 | D13: 1 | E13: 20201201 | F13: 20251010 | G13: 18872910 | H13: 1 | I13: 1
B14: 161 | C14: 19811016 | D14: 1 | E14: 20230918 | F14: 20251017 | G14: 10024710 | H14: 1 | I14: 1

Sheet (2-5) 추가 명부
A1: 참고사항 | B1: 사원번호 | C1: 생년월일 | D1: 성별 (1:남자, 2:여자) | E1: 입사일자 | F1: 기준급여 | G1: 사유발생일 시점 발생금액 | H1: 종업원 구분 (1:직원, 3:임원, 4:계약직) | I1: 중간정산기준일 | J1: 사유 (1:관계사전입, 2:관계사전출, 3:사업결합, 4:사업처분 5:기타장기종업원) | K1: 사유발생일
A2: ※ 양식 변경 절대 불가
A3: 아래의 사항에 해당하는 경우 입력
A4: : 축소, 정산, 사업결합, 사업분할
A5: 해당 사유 발생일을 기준으로 입력
A6: 입사일자
A7: 최초 입사일자 입력
A8: 기준급여
A9: 퇴직금 계산시 사용되는 평균임금
A10: 사유 발생일 기준
A11: 당년도 퇴직금추계액
A12: 사유발생일 현재 퇴직금추계액
A13: (임원, 계약직 필수 입력)
... A16: 중간정산 당일로 입력
