Workbook

Sheet (1-2) 기초자료_퇴직급여 
B2: (1-2) 퇴직급여채무 평가를 위한 기초자료
B4: * 근퇴법에서는 퇴직급여제도를 퇴직금제도, 퇴직연금제도(DB, DC, IRP)로 구분합니다.
B5: IFRS 퇴직급여채무평가 대상은 DC(IRP 포함)에 가입한 재직자를 제외한 전 종업원(1년 미만 근속자 포함)입니다.
B6: 따라서 기초자료, 재직자 및 퇴직자명부는 IFRS 퇴직급여채무평가 대상자에 한하여 작성하여 주시기 바랍니다.
B8: ☞ 퇴직금 또는 기타장기종업원급여의 지급규정 변경시 변경내용을 제공하여 주시기 바랍니다. (예 : 법정제 → 누진제 등, 장기근속포상금 변경 등)
B10: 1. 일반사항
B12: 회사명 | N12: =D12 -> 0
B13: 담당자 | N13: =D13 -> 0
B14: 전화번호 | N14: =D14 -> 0
B15: 이메일 | N15: =D15 -> 0
B16: 결산월 | D16: 2022.12월말 | N16: =D17 -> 0
B17: 주 소 | N17: =D16 -> 2022.12월말
B19: 2. 평가대상 및 퇴직급여 지급(환입) 현황
B21: ☞ DC형 퇴직연금가입자(IRP 포함)를 제외한 전 임직원을 기준으로 작성
B22: ☞ 금액은 모두 (+)로 기재 | J22: ☞ FALSE일 경우 명부와 자료 불일치. 확인 부탁드립니다.
B24: 항목 | D24: 내용 | J24: 기초자료 및 명부 일치여부 | K24: 비 고
D25: 작성기준일 | F25: 2022.03.31 | G25: 2022.06.30 | H25: 2022.09.30 | I25: 2022.12.31 | K25: 기초자료 및 명부 작성 기준일
B26: 평가 대상 | C26: 재직자수 (명) | D26: 임원 | F26: 13 | G26: 16 | H26: 16 | I26: =COUNTIF('(2-2) 재직자 명부'!$I:$I,3) -> 16 | J26: =COUNTIF('(2-2) 재직자 명부'!I:I,3)=I26 -> TRUE | K26: 작성기준일 현재 재직자 수 (2-2) 재직자 명부의 재직자 수와 일치 | N26: false일 경우 데이터 확인
D27: 직원 | F27: 293 | G27: 304 | H27: 304 | I27: =COUNTIF('(2-2) 재직자 명부'!$I:$I,1) -> 312 | J27: =COUNTIF('(2-2) 재직자 명부'!I:I,1)+COUNTIF('(2-2) 재직자 명부'!I:I,2)=I27 -> TRUE
D28: 계약직 | F28: 83 | G28: 77 | H28: 75 | I28: =COUNTIF('(2-2) 재직자 명부'!$I:$I,4) -> 70 | J28: =COUNTIF('(2-2) 재직자 명부'!I:I,4)=I28 -> TRUE
D29: 합계 | F29: =SUM(F26:F28) -> 389 | G29: =SUM(G26:G28) -> 397 | H29: =SUM(H26:H28) -> 395 | I29: =SUM(I26:I28) -> 398 | J29: =COUNTA('(2-2) 재직자 명부'!B2:B59779)=I29 -> TRUE
C30: 퇴직자수 (명) | D30: 임원 | F30: 0 | G30: 0 | H30: 0 | I30: =COUNTIFS('(2-3) 퇴직자 및 DC전환자 명부'!H:H,3,'(2-3) 퇴직자 및 DC전환자 명부'!I:I,1) -> 0 | J30: =COUNTIFS('(2-3) 퇴직자 및 DC전환자 명부'!I:I,1,'(2-3) 퇴직자 및 DC전환자 명부'!H:H,3)=I30 -> TRUE | K30: 기초부터 누계 퇴직자 수 (2-3) 퇴직자 명부의 퇴직자 수와 일치
D31: 직원 | F31: 6 | G31: 8 | H31: 18 | I31: =COUNTIFS('(2-3) 퇴직자 및 DC전환자 명부'!H:H,1,'(2-3) 퇴직자 및 DC전환자 명부'!I:I,1) -> 17 | J31: =COUNTIFS('(2-3) 퇴직자 및 DC전환자 명부'!I:I,1,'(2-3) 퇴직자 및 DC전환자 명부'!H:H,1)+COUNTIFS('(2-3) 퇴직자 및 DC전환자 명부'!I:I,1,'(2-3) 퇴직자 및 DC전환자 명부'!H:H,2)=I31 -> TRUE
D32: 계약직 | F32: 3 | G32: 7 | H32: 6 | I32: =COUNTIFS('(2-3) 퇴직자 및 DC전환자 명부'!H:H,4,'(2-3) 퇴직자 및 DC전환자 명부'!I:I,1) -> 7 | J32: =COUNTIFS('(2-3) 퇴직자 및 DC전환자 명부'!I:I,1,'(2-3) 퇴직자 및 DC전환자 명부'!H:H,4)=I32 -> TRUE
D33: 합계 | F33: =SUM(F30:F32) -> 9 | G33: =SUM(G30:G32) -> 15 | H33: =SUM(H30:H32) -> 24 | I33: =SUM(I30:I32) -> 24 | J33: =COUNTIF('(2-3) 퇴직자 및 DC전환자 명부'!I:I,1)=I33 -> TRUE
C34: 중간정산자수 | D34: =SUM(IFERROR(YEAR('(2-2) 재직자 명부'!J:J)=2019,0)*1) -> 0 | E34: =SUM((LEFT('(2-2) 재직자 명부'!$J:$J,4)="2019")*1) -> 0 | F34: 0 | G34: 0 | H34: 0 | I34: 0 | J34: =I34=(E34+D34) -> TRUE | K34: 기초부터 누계 중간정산자 수 (2-2) 재직자 명부의 당기 중간정산자 수와 일치
C35: DC전환자수 | F35: 0 | G35: 1 | H35: 2 | I35: =COUNTIFS('(2-3) 퇴직자 및 DC전환자 명부'!I:I,2) -> 1 | J35: =COUNTIF('(2-3) 퇴직자 및 DC전환자 명부'!I:I,2)=I35 -> TRUE | K35: 기초부터 누계 DC전환자 수 (2-3) DC전환자 명부의 DC전환자 수와 일치
B36: 퇴직금 추계액 (원) | D36: 임원 | F36: 2435613441 | G36: 3010179171 | H36: 3261641278 | I36: =SUMIF('(2-2) 재직자 명부'!$I:$I,3,'(2-2) 재직자 명부'!$G:$G) -> 3202123846 | J36: =ABS(SUMIF('(2-2) 재직자 명부'!I:I,3,'(2-2) 재직자 명부'!G:G)-I36)<1 -> TRUE | K36: 작성기준일 현재 퇴직금 추계액 (2-2) 재직자 명부의 당년도 퇴직금추계액과 일치
D37: 직원 | F37: 11542829564 | G37: 11925538571 | H37: 12126543815 | I37: =SUMIF('(2-2) 재직자 명부'!$I:$I,1,'(2-2) 재직자 명부'!$G:$G) -> 12557562547 | J37: =ABS(SUMIF('(2-2) 재직자 명부'!I:I,1,'(2-2) 재직자 명부'!G:G)+SUMIF('(2-2) 재직자 명부'!I:I,2,'(2-2) 재직자 명부'!G:G)-I37)<1 -> TRUE
D38: 계약직 | F38: 390452239 | G38: 384338643 | H38: 421228414 | I38: =SUMIF('(2-2) 재직자 명부'!$I:$I,4,'(2-2) 재직자 명부'!$G:$G) -> 354336017 | J38: =ABS(SUMIF('(2-2) 재직자 명부'!I:I,4,'(2-2) 재직자 명부'!G:G)-I38)<1 -> TRUE
D39: 합계 | F39: =SUM(F36:F38) -> 14368895244 | G39: =SUM(G36:G38) -> 15320056385 | H39: =SUM(H36:H38) -> 15809413507 | I39: =SUM(I36:I38) -> 16114022410 | J39: =ABS(SUM('(2-2) 재직자 명부'!G:G)-I39)<1 -> TRUE
B41: 퇴직부채 감소 (증가)액(원) | C41: 급여지급액 (A) | D41: 퇴직금 (a) | F41: 221134697 | G41: 173384916 | H41: 317036975 | I41: =SUMIF('(2-3) 퇴직자 및 DC전환자 명부'!I:I,1,'(2-3) 퇴직자 및 DC전환자 명부'!$G:$G)-I46 -> 598774099 | J41: =ABS(SUMIF('(2-3) 퇴직자 및 DC전환자 명부'!I:I,1,'(2-3) 퇴직자 및 DC전환자 명부'!G:G)-I41)<1 -> FALSE | K41: 기초부터 누계 퇴직금 지급액(퇴직급여충당금 감소 처리) (2-3) 퇴직자 명부의 퇴직금 합계와 일치 | N41: false일 경우 데이터 확인
D42: 중간정산금액 (b) | F42: 0 | G42: 0 | H42: 0 | I42: =SUM('(2-2) 재직자 명부'!K:K) -> 290723981 | J42: =ABS((K44+L44)-I42)<1 -> TRUE | K42: 기초부터 누계 중간정산금액(퇴직급여충당금 감소 처리) (2-2) 재직자 명부의 중간정산액 합계와 일치
D43: DC 전환금 (c) | F43: 0 | G43: 14495996 | H43: 70635323 | I43: =SUMIF('(2-3) 퇴직자 및 DC전환자 명부'!I:I,2,'(2-3) 퇴직자 및 DC전환자 명부'!$G:$G) -> 206697360 | J43: =ABS(SUMIF('(2-3) 퇴직자 및 DC전환자 명부'!I:I,2,'(2-3) 퇴직자 및 DC전환자 명부'!G:G)-I43)<1 -> TRUE | K43: 기초부터 누계 DC전환금액(퇴직급여충당금 감소 처리) (2-3) DC전환자 명부의 DC전환금 합계와 일치
D44: 소계 (a+b+c) | F44: =SUM(F41:F43) -> 221134697 | G44: =SUM(G41:G43) -> 187880912 | H44: =SUM(H41:H43) -> 387672298 | I44: =SUM(I41:I43) -> 1096195440 | J44: =ABS((SUM('(2-3) 퇴직자 및 DC전환자 명부'!G:G)+I42)-I44)<1 -> FALSE | K44: =SUMIFS('(2-2) 재직자 명부'!K:K,'(2-2) 재직자 명부'!J:J,">10000000",'(2-2) 재직자 명부'!J:J,">"&LEFT(I25,4)&"0000") -> 0 | L44: =SUMIFS('(2-2) 재직자 명부'!K:K,'(2-2) 재직자 명부'!J:J,"<10000000",'(2-2) 재직자 명부'!J:J,">="&DATE(LEFT(I25,4),1,1)) -> 290723981
C45: 관계사전입(전출)액 (B) | D45: 관계사 전입액 (d) | F45: 0 | G45: 0 | H45: 0 | I45: =SUMIF('(2-4) 추가 명부(장기근속)'!$J:$J,1,'(2-4) 추가 명부(장기근속)'!$G:$G) -> 0 | J45: =ABS(SUMIF('(2-4) 추가 명부(장기근속)'!J:J,1,'(2-4) 추가 명부(장기근속)'!G:G)-I45)<1 -> TRUE | K45: 기초부터 누계 관계사 전입(전출)액 (2-4) 추가 명부의 관계사 전입(전출)액 합계와 일치
D46: 관계사 전출액 (e) | F46: 0 | G46: 0 | H46: 0 | I46: 8737780 | J46: =ABS(SUMIF('(2-4) 추가 명부(장기근속)'!J:J,2,'(2-4) 추가 명부(장기근속)'!G:G)-I46)<1 -> FALSE
D47: 소계 (d-e) | F47: =F45-F46 -> 0 | G47: =G45-G46 -> 0 | H47: =H45-H46 -> 0 | I47: =I45-I46 -> -8737780 | J47: =ABS((SUMIF('(2-4) 추가 명부(장기근속)'!J:J,1,'(2-4) 추가 명부(장기근속)'!G:G)-SUMIF('(2-4) 추가 명부(장기근속)'!J:J,2,'(2-4) 추가 명부(장기근속)'!G:G))-I47)<1 -> FALSE
C48: 사업결합(처분)액 (C) | D48: 사업결합액 (f) | F48: 0 | G48: 0 | H48: 0 | I48: =+SUMIF('(2-4) 추가 명부(장기근속)'!$J:$J,3,'(2-4) 추가 명부(장기근속)'!$G:$G) -> 0 | J48: =ABS(SUMIF('(2-4) 추가 명부(장기근속)'!J:J,3,'(2-4) 추가 명부(장기근속)'!G:G)-I48)<1 -> TRUE | K48: 기초부터 누계 사업결합(처분)액 (2-4) 추가 명부의 사업결합(처분) 금액 합계와 일치
D49: 사업처분액 (g) | F49: 0 | G49: 0 | H49: 0 | I49: =+SUMIF('(2-4) 추가 명부(장기근속)'!$J:$J,4,'(2-4) 추가 명부(장기근속)'!$G:$G) -> 0 | J49: =ABS(SUMIF('(2-4) 추가 명부(장기근속)'!J:J,4,'(2-4) 추가 명부(장기근속)'!G:G)-I49)<1 -> TRUE
D50: 소계 (f-g) | F50: =F48-F49 -> 0 | G50: =G48-G49 -> 0 | H50: =H48-H49 -> 0 | I50: =I48-I49 -> 0 | J50: =ABS((SUMIF('(2-4) 추가 명부(장기근속)'!J:J,3,'(2-4) 추가 명부(장기근속)'!G:G)-SUMIF('(2-4) 추가 명부(장기근속)'!J:J,4,'(2-4) 추가 명부(장기근속)'!G:G))-I50)<1 -> TRUE
B51: 퇴직부채 감소(증가)액 합계 (A-B-C) | F51: =F44-F47-F50 -> 221134697 | G51: =G44-G47-G50 -> 187880912 | H51: =H44-H47-H50 -> 387672298 | I51: =I44-I47-I50 -> 1104933220 | J51: =ABS((SUM('(2-3) 퇴직자 및 DC전환자 명부'!G:G)+K44)-(SUMIF('(2-4) 추가 명부(장기근속)'!J:J,1,'(2-4) 추가 명부(장기근속)'!G:G)-SUMIF('(2-4) 추가 명부(장기근속)'!J:J,2,'(2-4) 추가 명부(장기근속)'!G:G))-(SUMIF('(2-4) 추가 명부(장기근속)'!J:J,3,'(2-4) 추가 명부(장기근속)'!G:G)-SUMIF('(2-4) 추가 명부(장기근속)'!J:J,4,'(2-4) 추가 명부(장기근속)'!G:G))-I51)<1 -> FALSE
B53: ☞ 일시에 대규모의 전출입이 있을시 전출일 시점에 재평가가 필요하므로 알려주시기 바랍니다.
B55: 3. 사외적립자산 현황
B57: ☞ DC형 퇴직연금자산은 제외됩니다.
B58: ☞ 사외적립자산 재직자별 가입비율이 다를 경우, 재직자 퇴직자 명부 예비란에 비율기재
B59: ☞ 금액은 모두 (+)로 기재, 사외적립자산은 회계(재무) 부서에 작성 의뢰하면 더 정확합니다. (오류가 많은 부분이니 [재확인] 부탁드립니다)
B61: 항 목 | D61: 내 용 | J61: 비 고
D62: 구 분 | F62: 2022.03.31 | G62: 2022.06.30 | H62: 2022.09.30 | I62: =I25 -> 2022.12.31 | J62: 사외적립자산관련 자료 작성 기준일
B63: 사외적립 자산 변동내역 (원) | C63: 기초 잔액 (A) | F63: 16980203474 | G63: 16811163206 | H63: 16708977610 | I63: =H82 -> 16409616766 | J63: =LEFT(I62,4)&"년 기초 잔액" -> 2022년 기초 잔액
C64: 입금(수탁)액(B) | F64: 0 | G64: 0 | H64: 0 | I64: 5300000000 | J64: 기초부터 누계 입금(수탁)액
C65: 급여지급(인출)액 (C) | D65: 퇴 직 (a) | F65: 221134697 | G65: 173384916 | H65: 314084305 | I65: =165385618+9525000+31354996+13839118+41042243+5586770+24414417+5093062+8575080+14434627+10063230+31625538 -> 360939699 | J65: 기초부터 누계 급여지급(인출)액
D66: 중간정산 (b) | F66: 0 | G66: 0 | H66: 0 | I66: 290723981
D67: DC전환 (c) | F67: 0 | G67: 14495996 | H67: 70635323 | I67: =I43 -> 206697360
D68: 소 계 (a+b+c) | F68: =SUM(F65:F67) -> 221134697 | G68: =SUM(G65:G67) -> 187880912 | H68: =SUM(H65:H67) -> 384719628 | I68: =SUM(I65:I67) -> 858361040
C69: 관계사전입(전출)액 (D) | D69: 관계사전입 (d) | F69: 0 | G69: 0 | H69: 0 | I69: 0 | J69: 기초부터 누계 관계사전입(전출)액
D70: 관계사전출 (e) | F70: 0 | G70: 0 | H70: 0 | I70: 0
D71: 소 계 (d-e) | F71: =F69-F70 -> 0 | G71: =G69-G70 -> 0 | H71: =H69-H70 -> 0 | I71: =I69-I70 -> 0
C72: 사업결합(처분)액 (E) | D72: 사업결합 (f) | F72: 0 | G72: 0 | H72: 0 | I72: 0 | J72: 기초부터 누계 사업결합(처분) 금액
D73: 사업처분 (g) | F73: 0 | G73: 0 | H73: 0 | I73: 0
D74: 소 계 (f-g) | F74: =F72-F73 -> 0 | G74: =G72-G73 -> 0 | H74: =H72-H73 -> 0 | I74: =I72-I73 -> 0
C75: 운용성과 (F) | D75: 투자수익 (h) | F75: 82504521 | G75: 85695316 | H75: 85358784 | I75: =28338352+7664701+I76 -> 58272186 | J75: 기초부터 누계 투자수익 및 운용관리수수료 금액
D76: 운용관리수수료(i) | F76: 30410092 | G76: 0 | H76: 0 | I76: =11518517+10750616 -> 22269133
D77: 소 계 (h-i) | F77: =F75-F76 -> 52094429 | G77: =G75-G76 -> 85695316 | H77: =H75-H76 -> 85358784 | I77: =I75-I76 -> 36003053
C78: 기말 잔액(산식) | D78: (A+B-C+D+E+F) | F78: =F63+F64-F68+F71+F74+F77 -> 16811163206 | G78: =G63+G64-G68+G71+G74+G77 -> 16708977610 | H78: =H63+H64-H68+H71+H74+H77 -> 16409616766 | I78: =I63+I64-I68+I71+I74+I77 -> 20887258779
C79: 기말 잔액(입력) | D79: 퇴직연금 | F79: 16811163206 | G79: 16708977610 | H79: 16409616766 | J79: 작성기준일 현재 사외적립자산의 공정가치 (퇴직연금사업자에게 확인)
D80: 퇴직신탁 | F80: 0 | G80: 0 | H80: 0 | I80: 0
D81: 퇴직보험 | F81: 0 | G81: 0 | H81: 0 | I81: 0
D82: 소 계 | F82: =SUM(F79:F81) -> 16811163206 | G82: =SUM(G79:G81) -> 16708977610 | H82: =SUM(H79:H81) -> 16409616766 | I82: =SUM(I79:I81) -> 0
C83: 차 이 | D83: (산식-입력) | F83: =F78-F82 -> 0 | G83: =G78-G82 -> 0 | H83: =H78-H82 -> 0 | I83: =I78-I82 -> 20887258779 | J83: 차이가 발생하면 입력 오류, 입력값 확인 필요 !!!
B84: 국민연금전환금 | D84: 기말잔액 | F84: 0 | G84: 0 | H84: 0 | I84: 0 | J84: 국민연금전환금이 있는 경우, 입력
D85: 공시방법 | F85: ① / ② / ③ | G85: ① / ② / ③ | H85: ① / ② / ③ | I85: ① / ② / ③ | J85: ① 별도 공시/② 사외적립자산에 포함/③ 미공시 중 선택
B87: 사외적립자산 세부내역 (원) | D87: 현금 및 현금등가물 | F87: 0 | G87: 0 | H87: 0 | I87: 0 | J87: 작성기준일 현재 사외적립자산의 자산의 세부내역
D88: 지분상품 | F88: 0 | G88: 0 | H88: 0 | I88: 0
D89: 채권 | F89: 0 | G89: 0 | H89: 0 | I89: 0
D90: 부동산 | F90: 0 | G90: 0 | H90: 0 | I90: 0
D91: 기타자산 | F91: 0 | G91: 0 | H91: 0 | I91: 0
D92: 합계 | F92: =SUM(F87:F91) -> 0 | G92: =SUM(G87:G91) -> 0 | H92: =SUM(H87:H91) -> 0 | I92: =SUM(I87:I91) -> 0
B93: 사외적립자산 세부구성비 (%) | D93: 현금 및 현금등가물 | F93: =IF(F$92=0,0,F87/F$92) -> 0 | G93: =IF(G$92=0,0,G87/G$92) -> 0 | H93: =IF(H$92=0,0,H87/H$92) -> 0 | I93: =IF(I$92=0,0,I87/I$92) -> 0 | J93: (자동계산)
D94: 지분상품 | F94: =IF(F$92=0,0,F88/F$92) -> 0 | G94: =IF(G$92=0,0,G88/G$92) -> 0 | H94: =IF(H$92=0,0,H88/H$92) -> 0 | I94: =IF(I$92=0,0,I88/I$92) -> 0
D95: 채권 | F95: =IF(F$92=0,0,F89/F$92) -> 0 | G95: =IF(G$92=0,0,G89/G$92) -> 0 | H95: =IF(H$92=0,0,H89/H$92) -> 0 | I95: =IF(I$92=0,0,I89/I$92) -> 0
D96: 부동산 | F96: =IF(F$92=0,0,F90/F$92) -> 0 | G96: =IF(G$92=0,0,G90/G$92) -> 0 | H96: =IF(H$92=0,0,H90/H$92) -> 0 | I96: =IF(I$92=0,0,I90/I$92) -> 0
D97: 기타자산 | F97: =IF(F$92=0,0,F91/F$92) -> 0 | G97: =IF(G$92=0,0,G91/G$92) -> 0 | H97: =IF(H$92=0,0,H91/H$92) -> 0 | I97: =IF(I$92=0,0,I91/I$92) -> 0
D98: 합계 | F98: =SUM(F93:F97) -> 0 | G98: =SUM(G93:G97) -> 0 | H98: =SUM(H93:H97) -> 0 | I98: =SUM(I93:I97) -> 0
B100: 4. 퇴직급여제도의 주요 사항 | J100: YES | K100: 법정제 | L100: 예 (호봉제)
J101: NO | K101: 아니오 (연봉제) | L101: 아니오 (연봉제)
B102: 항목 | F102: 내용 | J102: 비고
B103: 정년퇴직연령 | F103: 60 | J103: 재직자별로 정년이 다른 경우 구분 필요 | N103: 정년확인 | O103: 비어있는 경우 작년보고서와 동일여부 확인
B104: 임금피크제 | F104: YES | H104: =IF(F104="YES","적용시작연령","") -> 적용시작연령 | I104: 만 56세 | J104: YES인 경우, 아래 "9. 특이사항"에 세부내용 명시 필요 | O104: 300인 이상 기업의 경우 정년 60세 이하면 확인 요청
B105: 기타장기종업원급여 | F105: YES | J105: 장기근속포상, 퇴직위로금 등이 있는 경우 YES 선택 YES 인 경우, "(1-3) 기초자료_기타장기종업원급여" 작성 필요
B106: 지급률 가감 | D106: + | F106: 군복무, 포상, 장기근속 등 | J106: 인별로 지급률 가감이 적용된 경우 명시하시고, 아래 "9. 특이사항"에 세부내용 명시 필요
D107: - | F107: 휴직, 수습기간, 징계 등
B108: 제도구분 | F108: 법정제 | J108: 드롭박스에서 선택 누진제인 경우, 아래 "9. 특이사항"에 세부내용 명시 필요 | M108: 법정제
B109: 기타 | F109: 1년미만 근무기간 처리방법(월할(절상)) | J109: 퇴직금 계산에 적용하는 근무기간이 1년을 초과하는 기간을 처리하는 기준, 월할(절사) / 월할(절상) / 일할 등 택1 명시 예) 근무기간 5년 3개월 14일 월할(절상) : 5년 4개월 / 일할 : 5년 3개월 14일 | M109: 누진제 | N109: 1년미만 (일할/월할) | O109: 1년 미만 근무자 포함여부가 아닌, 근속년수 산정에 관한 사항임. (참고 : 근속년수 1년 미만인 신입직원도 산출대상에 포함됨)
B110: 회계기간 중 축소, 정산, 사업결합, 중간정산, DC전환 발생여부 | F110: NO | J110: Y (Yes)인 경우 위의 "2.", "3." 양식에 입력 필요 아래 "9. 특이사항"에 세부내용 명시 필요 해당자는 "(2-4) 추가 명부" 작성 필요
B111: 회계기간 중 일부 중간정산, DC전환 발생 여부 | F111: NO | J111: Y (Yes)인 경우, 전액이 아닌 일부 중간정산, DC전환한 경우, "(2-2) 재직자 명부" 예비란에 정산비율 입력 필요
B112: 임금인상률 (Base-up) | F112: 근무기간에 따라 호봉이 올라 급여가 인상되는 임금체계 입니까? (드롭박스에서 예/아니오 선택) | I112: 아니오 (연봉제) | J112: <호봉제>는 근무기간에 따라 호봉이 올라서 급여가 인상되는 임금체계, <연봉제>는 업무성과에 따라서 급여가 결정되는 임금체계 | N112: base-up율 | O112: 과거평균/한국은행고시2%/장래예상 중 택일 후 기준 명시 (작년보고서 참조)
E113: =LEFT($I$62,4)-5&"년" -> 2017년 | F113: 0 | K113: 적용 연월일 명시 필요 (<호봉제>의 경우 직원별 승급/승진으로 인한 인상분을 제외한 재직자의 평균 임금상승률 기재) | N113: =F113 -> 0
E114: =LEFT($I$62,4)-4&"년" -> 2018년 | F114: 0 | H114: 0 | N114: =F114 -> 0 | W114: (단위 : %)
E115: =LEFT($I$62,4)-3&"년" -> 2019년 | F115: 0 | H115: 0 | N115: =F115 -> 0 | P115: 직군 | Q115: 2010년 | R115: 2011년 | S115: 2012년 | T115: 2013년 | U115: 2014년 | V115: 2015년 | W115: 2016 | X115: 2017 | Y115: 2018 | Z115: 2019 | AA115: 2020 | AB115: 2021
...

Sheet (1-3) 기초자료_기타장기종업원급여
B2: (1-3) 기타장기종업원급여채무 평가를 위한 기초자료
B4: 1. 기타장기종업원급여 지급규정
B5: - 관련규정을 다음과 같이 요약하여 주시기 바랍니다.
B6: - 아래 양식 이외에 필요한 정보가 있으면 양식에 추가하여 작성하여 주시기 바랍니다.
B7: - 아래의 표는 예시로 작성된 것이며, 귀사의 규정에 맞게 수정하여 주시면 됩니다.
B9: 근속년수 | C9: 포상금 | F9: 포상휴가
C10: 급여기준 | E10: 현물기준
C11: 지급율(월할기본연봉 X 직무그룹별 지급률)
C12: 기획관리/운영지원그룹 | D12: 영업관리그룹
B13: 5년 | E13: 10만원상당 상품권 | F13: -
B14: 10년 | C14: 0.19 | D14: 0.2 | E14: 금1돈 | F14: 3일
B15: 15년 | C15: 0.32 | D15: 0.335 | E15: 금5돈 | F15: 5일
B16: 20년 | C16: 0.445 | D16: 0.47 | E16: 금10돈 | F16: 7일
B17: 25년 | C17: 0.635 | D17: 0.67 | E17: 금15돈 | F17: 10일
B18: 30년 | C18: 0.95 | D18: 1.005 | E18: 금20돈 | F18: 15일
B19: * 12/31 기준, 한국조폐공사 국제금시세 기준(1돈당시세)
B22: 2. 기타장기종업원급여 지급내역 (최근 3년)
B23: - 아래 양식이 적합하지 않으면 양식을 변경하여 작성하여 주시기 바랍니다.
B24: - 인원은 명, 금액은 원입니다. 단위를 확인하여 주시기 바랍니다.
B25: - 과거 3년 동안, 연도별 지급내역을 기록하여 주십시오 (기간은 회사가 비용으로 처리한 날짜 기준입니다)
B26: - 아래의 표는 예시로 작성된 것이며, 예시를 참고로 하여 귀사의 실제 지급내역을 입력해 주시기 바랍니다.
B28: <작성방법>
B29: ① 근속자(명) | C29: 해당인원 수 기재
B30: ② 장기근속 축하금 | C30: 실적 발생금액 합계
B31: ③ 세부내역 | C31: 포인트, 현금, 실물(금, 또는 여행권) 지급 여부 기재
B33: 평가기준일 직전 1년 (2022.1.1~2022.12.31)
B34: 근속년수 | C34: 근속자(명) | D34: 장기근속축하금(합계, 원) | E34: 세부 내역
B35: 5년 | C35: 10 | D35: =1000000 -> 1000000 | E35: 10만원상당 복지포인트지급(2021년대상자)
B36: 10년 | C36: 5 | D36: =6116580+1911000 -> 8027580 | E36: 포상금(5명,6,116,580원)+금/환산금액(6명,1,911,000원) | F36: 인당3일
B37: 15년 | C37: 3 | D37: =6669600+3185000 -> 9854600 | E37: 포상금(3명,6,669,600원)+금/환산금액(2명,3,185,000원) | F37: 인당5일
B38: 20년 | C38: 6 | D38: =31863600+12740000 -> 44603600 | E38: 포상금(6명,31,863,600원)+금/환산금액(6명,12,740,000원) | F38: 인당7일
B39: 25년 | F39: 인당10일
B40: 30년
B41: 합계 | D41: =SUM(D35:D40) -> 63485780
B43: 평가기준일 직전 2년 (2021.1.1~2021.12.31)
B44: 근속년수 | C44: 근속자(명) | D44: 장기근속축하금(합계, 원) | E44: 세부 내역
B45: 5년 | C45: 22 | D45: =1000000+1200000 -> 2200000 | E45: 10만원상당 복지포인트지급(2019년,2020년대상자)
B46: 10년 | C46: 12 | D46: =(1363710+9595780+1681610+1401520)+3588000 -> 17630620 | E46: 포상금(12명,14,042,620원)+금/환산금액(12명,3,588,000원) | F46: 인당3일
B47: 15년 | C47: 7 | D47: =(2764260+2138430+2094780+2104260+2062560+2244610+3060960)+11960000 -> 28429860 | E47: 포상금(7명,16,469,860원)+금/환산금액(8명,11,960,000원) | F47: 인당5일
B48: 20년 | C48: 1 | D48: =3656280+8970000 -> 12626280 | E48: 포상금(1명,13,656,280원)+금/환산금액(3명,8,970,000원) | F48: 인당7일
B49: 25년 | F49: 인당10일
B50: 30년
B51: 합계 | D51: =SUM(D45:D50) -> 60886760
B53: 평가기준일 직전 3년 (2020.1.1~2020.12.31)
B54: 근속년수 | C54: 근속자(명) | D54: 장기근속축하금(합계, 원) | E54: 세부 내역 | F54: 휴가
B55: 5년
B56: 10년 | C56: 3 | D56: =(788060+1439880)+801340 -> 3029280 | E56: 포상금+금/환산금액, 휴가부여 | F56: 인당3일
B57: 15년 | C57: 1 | D57: 2558610 | E57: 포상금+금/환산금액, 휴가부여 | F57: 인당5일
B58: 20년 | C58: 2 | D58: 13448950 | E58: 포상금+금/환산금액, 휴가부여 | F58: 인당7일
B59: 25년 | C59: 2 | D59: 27295950 | E59: 포상금+금/환산금액, 휴가부여 | F59: 인당10일
B60: 30년
B61: 합계 | C61: =SUM(C55:C60) -> 8 | D61: =SUM(D55:D60) -> 46332790
C74: ``

Sheet (2-1) 명부 작성방법
C2: (2-1) 명부 작성방법
C3: ☞ 모든 항목은 필수 입력 사항입니다.
C4: ☞ 명부는 "(2-2) 재직자 명부", "(2-3) 퇴직자 및 DC 전환자 명부", "(2-3) 추가 명부" 로 구분됩니다.
C6: 구분 | D6: 항목명 | E6: 작성방법
C7: 공통 | E7: 평가기준일을 기준으로 작성 양식 변경 절대 불가 1년 미만 근속 재직자 포함 퇴직금을 지급하지 않는 재직자 제외 DC 또는 IRP 제도 가입자는 제외
D8: 사원번호 | E8: 회사가 정한 사원번호 입력
D9: 생년월일 | E9: yyyymmdd 형식
D10: 성별 | E10: 남 : 1, 여 : 2
D11: 입사일자 | E11: yyyymmdd 형식, 최초 입사일자 (퇴직금 산정 기준일) 입력
C12: 재직자 명부 | D12: 기준급여 | E12: 퇴직금 지급의 기준이 되는 월 기준급여 입력 (예: 법정제인 경우 평균임금)
D13: 당년도 퇴직금추계액 | E13: 사규에서 정하는 퇴직금 추계액 입력(평가기준일 기준) 임원, 계약직은 필수 입력
D14: 차년도 퇴직금추계액 | E14: 사규에서 정하는 차년도퇴직금추계액 입력(평가기준일로 부터 1년후 퇴직을 가정) 임원, 계약직은 필수 입력
D15: 종업원 구분 | E15: 일반직: 1, 임원: 3, 계약직: 4 계약직이라도 정규직의 퇴직금규정을 적용하고 정년이 일반직과 동일한 경우 2 입력(직종 3, 4는 정년이 적용되지 않음)
D16: 중간정산기준일 | E16: 입사 후 중간정산 한 적이 있는 경우 반드시 입력 중간정산일 당일 입력 여러 번 중간정산한 경우 최종 중간정산일자 입력
D17: 중간정산액 | E17: =LEFT('(1-2) 기초자료_퇴직급여 '!I25,4)&"년에 중간정산 한 재직자는 반드시 입력"& "(그 외의 중간정산자는 입력하지 않아도 됨)" -> 2022년에 중간정산 한 재직자는 반드시 입력(그 외의 중간정산자는 입력하지 않아도 됨)
D18: 제도구분 | E18: 퇴직금 제도가 구분 되어 적용되는 경우 숫자로 구분 (1,2,3..) 구분되지 않는 경우는 입력하지 않아도 됨 (예 생산: 1 , 사무직: 2)
C19: 퇴직자 및 DC전환자 명부 | E19: 300인 이상인 기업의 경우 3년치(평가기준일 직전 3년간) 퇴직자명부 작성 300인 미만인 경우 해당 회계년도의 퇴직자만 작성
D20: 퇴직일 / DC전환일 | E20: 퇴직일 또는 DC 전환일 입력
D21: 사유 | E21: 1: 퇴직, 2: DC전환 구분 입력
D22: 제도구분 | E22: 퇴직금 제도가 구분 되어 적용되는 경우 숫자로 구분 (1,2,3..) 구분되지 않는 경우는 입력하지 않아도 됨 (예 생산: 1 , 사무직: 2)
C23: 추가 명부 | D23: 유의적인 채무 변동이 있을 경우 변동 원인을 평가하여 반영하기 위한 명부
E24: 다음 중 해당사항이 있는 경우에만 입력 : 축소, 정산, 사업결합, 사업분할,기타장기종업원급여 해당 사건 발생일을 기준으로 작성
D25: 기준급여, 직종, 중간정산일 | E25: 재직자 명부와 동일한 방식으로 작성
D26: 사유발생일 시점 퇴직금추계액 | E26: 사유발생일 시점에 퇴직 시 지급하여야 하는 퇴직금 입력
D27: 사유 | E27: 1: 관계사전입, 2: 관계사전출, 3: 사업결합, 4: 사업처분, 5: 기타장기종업원 해당사항 숫자로 입력
D28: 사유발생일 | E28: 해당 사유 발생일 입력

Sheet (2-2) 재직자 명부
A1: 참고사항 | B1: 사원번호 | C1: 생년월일 | D1: 성별 (1:남자, 2:여자) | E1: 입사일자 | F1: 기준급여 | G1: 당년도 퇴직금추계액 | H1: 차년도 퇴직금추계액 | I1: 종업원 구분 (1:직원, 3:임원, 4:계약직) | J1: 중간정산기준일 | K1: 중간정산액 | L1: 제도구분 (1,2,3) | M1: 적용배수 | N1: 휴직기간등차감
A2: ※ 양식 변경 절대 불가 | B2: 1 | C2: 30962 | D2: 1 | E2: 40637 | F2: 7736629.8 | G2: 90931895 | H2: =IF(I2=3,G2+F2*M2,G2+F2) -> 98668525 | I2: 1 | J2: 40637 | N2: 0 | P2: =N2/366 -> 0
A3: 입사일자 | B3: 2 | C3: 27044 | D3: 1 | E3: 39034 | F3: 12309757 | G3: 150920996 | H3: =IF(I3=3,G3+F3*M3,G3+F3) -> 1.6323075e+08 | I3: 1 | J3: 40452 | N3: 0 | P3: =N3/366 -> 0
A4: 최초 입사일자 입력 | B4: 3 | C4: 29564 | D4: 1 | E4: 39574 | F4: 7345500.3 | G4: 107727297 | H4: =IF(I4=3,G4+F4*M4,G4+F4) -> 1.150728e+08 | I4: 1 | J4: 39574 | N4: 0 | P4: =N4/366 -> 0
A5: 기준급여 | B5: 4 | C5: 26828 | D5: 2 | E5: 37803 | F5: 6602487.7 | G5: 84276685 | H5: =IF(I5=3,G5+F5*M5,G5+F5) -> 90879173 | I5: 1 | J5: 40268 | N5: 0 | P5: =N5/366 -> 0
A6: 퇴직금 계산시 사용되는 평균임금 | B6: 5 | C6: 26109 | D6: 2 | E6: 37803 | F6: 7833694.8 | G6: 152896553 | H6: =IF(I6=3,G6+F6*M6,G6+F6) -> 1.6073025e+08 | I6: 1 | J6: 37803 | N6: 0 | P6: =N6/366 -> 0
A7: 당년도 퇴직금추계액 | B7: 6 | C7: 25911 | D7: 2 | E7: 37803 | F7: 6532637.7 | G7: 88271148 | H7: =IF(I7=3,G7+F7*M7,G7+F7) -> 94803786 | I7: 1 | J7: 39995 | N7: 0 | P7: =N7/366 -> 0
A8: 작성기준일 현재 퇴직시 지급하는 퇴직금 | B8: 7 | C8: 27008 | D8: 2 | E8: 37803 | F8: 6334743 | G8: 123640299 | H8: =IF(I8=3,G8+F8*M8,G8+F8) -> 129975042 | I8: 1 | J8: 37803 | N8: 0 | P8: =N8/366 -> 0
A9: (임원, 계약직 필수 입력) | B9: 8 | C9: 27132 | D9: 2 | E9: 37803 | F9: 6274895.1 | G9: 122472199 | H9: =IF(I9=3,G9+F9*M9,G9+F9) -> 1.2874709e+08 | I9: 1 | J9: 37803 | N9: 0 | P9: =N9/366 -> 0
A10: 차년도 퇴직금추계액 | B10: 9 | C10: 26956 | D10: 2 | E10: 37803 | F10: 6561839.8 | G10: 88665737 | H10: =IF(I10=3,G10+F10*M10,G10+F10) -> 95227577 | I10: 1 | J10: 39995 | N10: 0 | P10: =N10/366 -> 0
A11: 작성기준일로부터 1년 후 퇴직시 지급하는 퇴직금 | B11: 10 | C11: 26970 | D11: 2 | E11: 37803 | F11: 7045977.6 | G11: 137522039 | H11: =IF(I11=3,G11+F11*M11,G11+F11) -> 1.4456802e+08 | I11: 1 | J11: 37803 | N11: 0 | P11: =N11/366 -> 0
A12: (임원, 계약직 필수 입력) | B12: 11 | C12: 25734 | D12: 2 | E12: 37865 | F12: 8592587.4 | G12: 166248911 | H12: =IF(I12=3,G12+F12*M12,G12+F12) -> 1.748415e+08 | I12: 1 | J12: 37865 | N12: 0 | P12: =N12/366 -> 0
A13: 중간정산기준일 | B13: 12 | C13: 25213 | D13: 2 | E13: 37803 | F13: 6793644.5 | G13: 132597050 | H13: =IF(I13=3,G13+F13*M13,G13+F13) -> 1.3939069e+08 | I13: 1 | J13: 37803 | N13: 0 | P13: =N13/366 -> 0
... A16: 중간정산액 | B16: 15 | C16: 27775 | D16: 2 | E16: 37803 | F16: 6561880 | G16: 128073515 | H16: =IF(I16=3,G16+F16*M16,G16+F16) -> 134635395 | I16: 1 | J16: 37803 | N16: 0 | P16: =N16/366 -> 0
A17: =LEFT('(1-2) 기초자료_퇴직급여 '!I26,4)&"년에 중간정산한 종업원은 반드시 입력" -> 16년에 중간정산한 종업원은 반드시 입력 | B17: 16 | C17: 28158 | D17: 2 | E17: 37803 | F17: 6166967.9 | G17: 83330098 | H17: =IF(I17=3,G17+F17*M17,G17+F17) -> 89497066 | I17: 1 | J17: 39995 | N17: 0 | P17: =N17/366 -> 0
A18: 그 외 중간정산자는 입력하지 않아도 됨 | B18: 17 | C18: 28176 | D18: 2 | E18: 37803 | F18: 10214152 | G18: 199357866 | H18: =IF(I18=3,G18+F18*M18,G18+F18) -> 2.0957202e+08 | I18: 1 | J18: 37803 | N18: 0 | P18: =N18/366 -> 0
A19: 제도구분 | B19: 18 | C19: 25114 | D19: 1 | E19: 37803 | F19: 10488480 | G19: 141723788 | H19: =IF(I19=3,G19+F19*M19,G19+F19) -> 1.5221227e+08 | I19: 1 | J19: 39995 | N19: 0 | P19: =N19/366 -> 0
A20: 구분되는 제도를 반영하는 경우 입력 (숫자기입) | B20: 19 | C20: 28358 | D20: 2 | E20: 37803 | F20: 7170772.1 | G20: 135517769 | H20: =IF(I20=3,G20+F20*M20,G20+F20) -> 1.4268854e+08 | I20: 1 | J20: 37803 | N20: 226 | P20: =N20/366 -> 0.61748634
A21: 적용배수 | B21: 20 | C21: 25844 | D21: 1 | E21: 37803 | F21: 10501142 | G21: 141894884 | H21: =IF(I21=3,G21+F21*M21,G21+F21) -> 1.5239603e+08 | I21: 1 | J21: 39995 | N21: 0 | P21: =N21/366 -> 0
A22: 임원의 경우 적용 배수 입력 ( 예: 1.5, 2, 3... ) | B22: 21 | C22: 27607 | D22: 2 | E22: 37803 | F22: 6045081.7 | G22: 117986745 | H22: =IF(I22=3,G22+F22*M22,G22+F22) -> 1.2403183e+08 | I22: 1 | J22: 37803 | N22: 0 | P22: =N22/366 -> 0
A23: 기타 | B23: 22 | C23: 27654 | D23: 2 | E23: 37803 | F23: 7073588 | G23: 95580647 | H23: =IF(I23=3,G23+F23*M23,G23+F23) -> 102654235 | I23: 1 | J23: 39995 | N23: 0 | P23: =N23/366 -> 0
A24: 전액 확정기여형(DC) 제도 가입자는 제외 | B24: 23 | C24: 26314 | D24: 2 | E24: 37803 | F24: 6870782 | G24: 134102605 | H24: =IF(I24=3,G24+F24*M24,G24+F24) -> 140973387 | I24: 1 | J24: 37803 | N24: 0 | P24: =N24/366 -> 0
A25: 1년 미만 재직자도 입력 | B25: 24 | C25: 27542 | D25: 2 | E25: 37803 | F25: 9484587.7 | G25: 128158867 | H25: =IF(I25=3,G25+F25*M25,G25+F25) -> 1.3764345e+08 | I25: 1 | J25: 39995 | N25: 0 | P25: =N25/366 -> 0
A26: 기준급여 * 지급률 = 당년도 퇴직금추계액 | B26: 25 | C26: 27619 | D26: 2 | E26: 37803 | F26: 7504276.7 | G26: 101400253 | H26: =IF(I26=3,G26+F26*M26,G26+F26) -> 1.0890453e+08 | I26: 1 | J26: 39995 | N26: 0 | P26: =N26/366 -> 0
B27: 26 | C27: 28656 | D27: 1 | E27: 37895 | F27: 9668023.2 | G27: 130637508 | H27: =IF(I27=3,G27+F27*M27,G27+F27) -> 1.4030553e+08 | I27: 1 | J27: 39995 | N27: 0 | P27: =N27/366 -> 0
B28: 27 | C28: 25373 | D28: 1 | E28: 37895 | F28: 16666670 | G28: 22222227 | H28: =IF(I28=3,G28+F28*M28,G28+F28) -> 55555567 | I28: 3 | J28: 44682 | K28: 241905680 | M28: 2 | N28: 0 | O28: 임원승진에 따른 직원퇴직금정산 | P28: =N28/366 -> 0
B29: 28 | C29: 29169 | D29: 2 | E29: 38749 | F29: 9795410 | G29: 165797378 | H29: =IF(I29=3,G29+F29*M29,G29+F29) -> 175592788 | I29: 1 | J29: 38749 | N29: 0 | P29: =N29/366 -> 0
B30: 29 | C30: 29124 | D30: 2 | E30: 38749 | F30: 9530202.9 | G30: 161308476 | H30: =IF(I30=3,G30+F30*M30,G30+F30) -> 1.7083868e+08 | I30: 1 | J30: 38749 | N30: 0 | P30: =N30/366 -> 0
B31: 30 | C31: 28571 | D31: 1 | E31: 38749 | F31: 7564061.8 | G31: 128029516 | H31: =IF(I31=3,G31+F31*M31,G31+F31) -> 1.3559358e+08 | I31: 1 | J31: 38749 | N31: 0 | P31: =N31/366 -> 0
B32: 31 | C32: 29277 | D32: 1 | E32: 39301 | F32: 7466518.5 | G32: 115086666 | H32: =IF(I32=3,G32+F32*M32,G32+F32) -> 1.2255318e+08 | I32: 1 | J32: 39301 | N32: 0 | P32: =N32/366 -> 0
B33: 32 | C33: 29487 | D33: 1 | E33: 39489 | F33: 8128924.4 | G33: 115475269 | H33: =IF(I33=3,G33+F33*M33,G33+F33) -> 1.2360419e+08 | I33: 1 | J33: 39489 | N33: 253 | P33: =N33/366 -> 0.69125683
B34: 33 | C34: 30082 | D34: 1 | E34: 39489 | F34: 7303345.3 | G34: 108809841 | H34: =IF(I34=3,G34+F34*M34,G34+F34) -> 1.1611319e+08 | I34: 1 | J34: 39489 | N34: 0 | P34: =N34/366 -> 0
B35: 34 | C35: 29657 | D35: 2 | E35: 39575 | F35: 4872108.6 | G35: 71439795 | H35: =IF(I35=3,G35+F35*M35,G35+F35) -> 76311904 | I35: 1 | J35: 39575 | N35: 0 | P35: =N35/366 -> 0
B36: 35 | C36: 28203 | D36: 1 | E36: 39713 | F36: 9180632 | G36: 131144699 | H36: =IF(I36=3,G36+F36*M36,G36+F36) -> 140325331 | I36: 1 | J36: 39713 | N36: 0 | P36: =N36/366 -> 0
B37: 36 | C37: 31452 | D37: 2 | E37: 39972 | F37: 4795939.8 | G37: 65106525 | H37: =IF(I37=3,G37+F37*M37,G37+F37) -> 69902465 | I37: 1 | J37: 39972 | N37: 0 | P37: =N37/366 -> 0
B38: 37 | C38: 30831 | D38: 2 | E38: 40227 | F38: 3416324 | G38: 43991021 | H38: =IF(I38=3,G38+F38*M38,G38+F38) -> 47407345 | I38: 1 | J38: 40227 | N38: 0 | P38: =N38/366 -> 0
B39: 38 | C39: 31743 | D39: 2 | E39: 40429 | F39: 7730944.3 | G39: 95270651 | H39: =IF(I39=3,G39+F39*M39,G39+F39) -> 1.030016e+08 | I39: 1 | J39: 40429 | N39: 0 | P39: =N39/366 -> 0
B40: 39 | C40: 29809 | D40: 1 | E40: 40546 | F40: 8384847.2 | G40: 100641139 | H40: =IF(I40=3,G40+F40*M40,G40+F40) -> 1.0902599e+08 | I40: 1 | J40: 40546 | N40: 0 | P40: =N40/366 -> 0
... B52: 51 | C52: 32442 | D52: 2 | E52: 41092 | F52: 4658147.3 | G52: 48942452 | H52: =IF(I52=3,G52+F52*M52,G52+F52) -> 53600599 | I52: 1 | J52: 41092 | N52: 0 | P52: =N52/366 -> 0
B53: 52 | C53: 24660 | D53: 1 | E53: 37285 | F53: 23333340 | G53: 253561902 | H53: =IF(I53=3,G53+F53*M53,G53+F53) -> 311895252 | I53: 3 | J53: 43157 | M53: 2.5 | N53: 0 | P53: =N53/366 -> 0
B54: 53 | C54: 24845 | D54: 1 | E54: 41141 | F54: 17083340 | G54: 68333360 | H54: =IF(I54=3,G54+F54*M54,G54+F54) -> 102500040 | I54: 3 | J54: 44197 | M54: 2 | N54: 0 | P54: =N54/366 -> 0
B55: 54 | C55: 26987 | D55: 1 | E55: 37242 | F55: 9140063.6 | G55: 121199747 | H55: =IF(I55=3,G55+F55*M55,G55+F55) -> 1.3033981e+08 | I55: 1 | J55: 40087 | N55: 0 | P55: =N55/366 -> 0
B56: 55 | C56: 32403 | D56: 2 | E56: 41177 | F56: 10625853 | G56: 109169721 | H56: =IF(I56=3,G56+F56*M56,G56+F56) -> 1.1979557e+08 | I56: 1 | J56: 41177 | N56: 0 | P56: =N56/366 -> 0
B57: 56 | C57: 31211 | D57: 2 | E57: 41239 | F57: 4614047.1 | G57: 46620837 | H57: =IF(I57=3,G57+F57*M57,G57+F57) -> 51234884 | I57: 1 | J57: 41239 | N57: 0 | P57: =N57/366 -> 0
B58: 57 | C58: 25927 | D58: 1 | E58: 37018 | F58: 9621557.8 | G58: 97032751 | H58: =IF(I58=3,G58+F58*M58,G58+F58) -> 1.0665431e+08 | I58: 1 | J58: 41246 | N58: 0 | P58: =N58/366 -> 0
B59: 58 | C59: 30327 | D59: 2 | E59: 41246 | F59: 3776978.3 | G59: 38090568 | H59: =IF(I59=3,G59+F59*M59,G59+F59) -> 41867546 | I59: 1 | J59: 41246 | N59: 0 | P59: =N59/366 -> 0
B60: 59 | C60: 27740 | D60: 2 | E60: 38261 | F60: 5146634.4 | G60: 93993055 | H60: =IF(I60=3,G60+F60*M60,G60+F60) -> 99139689 | I60: 1 | J60: 38261 | N60: 0 | P60: =N60/366 -> 0
B61: 60 | C61: 30379 | D61: 2 | E61: 41277 | F61: 3092328 | G61: 30923280 | H61: =IF(I61=3,G61+F61*M61,G61+F61) -> 34015608 | I61: 1 | J61: 41277 | N61: 0 | P61: =N61/366 -> 0
B62: 61 | C62: 28281 | D62: 1 | E62: 40854 | F62: 9984463.8 | G62: 111415675 | H62: =IF(I62=3,G62+F62*M62,G62+F62) -> 1.2140014e+08 | I62: 1 | J62: 40854 | N62: 0 | P62: =N62/366 -> 0
B63: 62 | C63: 27590 | D63: 1 | E63: 41323 | F63: 7240796.9 | G63: 71495430 | H63: =IF(I63=3,G63+F63*M63,G63+F63) -> 78736227 | I63: 1 | J63: 41323 | N63: 0 | P63: =N63/366 -> 0
B64: 63 | C64: 31835 | D64: 2 | E64: 41330 | F64: 4624210.3 | G64: 45570643 | H64: =IF(I64=3,G64+F64*M64,G64+F64) -> 50194853 | I64: 1 | J64: 41330 | N64: 0 | P64: =N64/366 -> 0
B65: 64 | C65: 32924 | D65: 2 | E65: 41277 | F65: 7873682.5 | G65: 78736825 | H65: =IF(I65=3,G65+F65*M65,G65+F65) -> 86610508 | I65: 1 | J65: 41277 | N65: 0 | P65: =N65/366 -> 0
B66: 65 | C66: 29690 | D66: 2 | E66: 41346 | F66: 4552258 | G66: 43215271 | H66: =IF(I66=3,G66+F66*M66,G66+F66) -> 47767529 | I66: 1 | J66: 41346 | N66: 116 | P66: =N66/366 -> 0.31693989
... B87: 86 | C87: 30983 | D87: 2 | E87: 41878 | F87: 5196933.2 | G87: 43412190 | H87: =IF(I87=3,G87+F87*M87,G87+F87) -> 48609123 | I87: 1 | J87: 41878 | N87: 0 | P87: =N87/366 -> 0
B88: 87 | C88: 26299 | D88: 1 | E88: 41974 | F88: 45333340 | G88: 1208133512 | H88: =IF(I88=3,G88+F88*M88,G88+F88) -> 1389466872 | I88: 3 | J88: 41974 | M88: 4 | N88: 0 | P88: =N88/366 -> 0
B89: 88 | C89: 28135 | D89: 1 | E89: 42003 | F89: 6497229.5 | G89: 52049039 | H89: =IF(I89=3,G89+F89*M89,G89+F89) -> 58546268 | I89: 1 | J89: 42003 | N89: 0 | P89: =N89/366 -> 0
B90: 89 | C90: 30059 | D90: 1 | E90: 42003 | F90: 5482366.5 | G90: 43919013 | H90: =IF(I90=3,G90+F90*M90,G90+F90) -> 49401380 | I90: 1 | J90: 42003 | N90: 0 | P90: =N90/366 -> 0
B91: 90 | C91: 32640 | D91: 1 | E91: 42013 | F91: 7702864.2 | G91: 61496291 | H91: =IF(I91=3,G91+F91*M91,G91+F91) -> 69199155 | I91: 1 | J91: 42013 | N91: 0 | P91: =N91/366 -> 0
B92: 91 | C92: 32864 | D92: 2 | E92: 42036 | F92: 6448099.4 | G92: 51072481 | H92: =IF(I92=3,G92+F92*M92,G92+F92) -> 57520580 | I92: 1 | J92: 42036 | N92: 0 | P92: =N92/366 -> 0
B93: 92 | C93: 25840 | D93: 2 | E93: 42142 | F93: 7901211.4 | G93: 60287325 | H93: =IF(I93=3,G93+F93*M93,G93+F93) -> 68188536 | I93: 1 | J93: 42142 | N93: 0 | P93: =N93/366 -> 0
B94: 93 | C94: 31091 | D94: 2 | E94: 42178 | F94: 3069407 | G94: 23117260 | H94: =IF(I94=3,G94+F94*M94,G94+F94) -> 26186667 | I94: 1 | J94: 42178 | N94: 0 | P94: =N94/366 -> 0
B95: 94 | C95: 28985 | D95: 2 | E95: 42278 | F95: 6424073.7 | G95: 46622935 | H95: =IF(I95=3,G95+F95*M95,G95+F95) -> 53047009 | I95: 1 | J95: 42278 | N95: 0 | P95: =N95/366 -> 0
B96: 95 | C96: 32349 | D96: 2 | E96: 42278 | F96: 3266180 | G96: 23704413 | H96: =IF(I96=3,G96+F96*M96,G96+F96) -> 26970593 | I96: 1 | J96: 42278 | N96: 0 | P96: =N96/366 -> 0
B97: 96 | C97: 31602 | D97: 2 | E97: 42329 | F97: 4566995.2 | G97: 32506996 | H97: =IF(I97=3,G97+F97*M97,G97+F97) -> 37073991 | I97: 1 | J97: 42329 | N97: 0 | P97: =N97/366 -> 0
B98: 97 | C98: 30356 | D98: 2 | E98: 42359 | F98: 7381410.5 | G98: 51932773 | H98: =IF(I98=3,G98+F98*M98,G98+F98) -> 59314184 | I98: 1 | J98: 42359 | N98: 0 | P98: =N98/366 -> 0
B99: 98 | C99: 33516 | D99: 2 | E99: 42377 | F99: 7706351.9 | G99: 53838897 | H99: =IF(I99=3,G99+F99*M99,G99+F99) -> 61545249 | I99: 1 | J99: 42377 | N99: 0 | P99: =N99/366 -> 0
B100: 99 | C100: 31820 | D100: 1 | E100: 42377 | F100: 7528193.2 | G100: 52594227 | H100: =IF(I100=3,G100+F100*M100,G100+F100) -> 60122420 | I100: 1 | J100: 42377 | N100: 0 | P100: =N100/366 -> 0
... B112: 111 | C112: 27070 | D112: 2 | E112: 42865 | F112: 11336976 | G112: 64046147 | H112: =IF(I112=3,G112+F112*M112,G112+F112) -> 75383123 | I112: 1 | J112: 42865 | N112: 0 | P112: =N112/366 -> 0
B113: 112 | C113: 27900 | D113: 2 | E113: 42877 | F113: 23333340 | G113: 225900603 | H113: =IF(I113=3,G113+F113*M113,G113+F113) -> 284233953 | I113: 3 | J113: 43355 | M113: 2.5 | N113: 0 | P113: =N113/366 -> 0
B114: 113 | C114: 33046 | D114: 2 | E114: 42877 | F114: 3453751.1 | G114: 19397780 | H114: =IF(I114=3,G114+F114*M114,G114+F114) -> 22851531 | I114: 1 | J114: 42877 | N114: 0 | P114: =N114/366 -> 0
B115: 114 | C115: 27231 | D115: 2 | E115: 42893 | F115: 15594620 | G115: 86902619 | H115: =IF(I115=3,G115+F115*M115,G115+F115) -> 1.0249724e+08 | I115: 1 | J115: 42893 | N115: 0 | P115: =N115/366 -> 0
B116: 115 | C116: 34427 | D116: 2 | E116: 43004 | F116: 3118359.3 | G116: 16429055 | H116: =IF(I116=3,G116+F116*M116,G116+F116) -> 19547414 | I116: 1 | J116: 43004 | N116: 0 | P116: =N116/366 -> 0
B117: 116 | C117: 32692 | D117: 2 | E117: 43102 | F117: 6355027 | G117: 31775135 | H117: =IF(I117=3,G117+F117*M117,G117+F117) -> 38130162 | I117: 1 | J117: 43102 | N117: 0 | P117: =N117/366 -> 0
B118: 117 | C118: 33269 | D118: 2 | E118: 43102 | F118: 3117934.8 | G118: 15589674 | H118: =IF(I118=3,G118+F118*M118,G118+F118) -> 18707609 | I118: 1 | J118: 43102 | N118: 0 | P118: =N118/366 -> 0
B119: 118 | C119: 32519 | D119: 2 | E119: 43108 | F119: 3169246.7 | G119: 15794136 | H119: =IF(I119=3,G119+F119*M119,G119+F119) -> 18963383 | I119: 1 | J119: 43108 | N119: 0 | P119: =N119/366 -> 0
B120: 119 | C120: 31647 | D120: 2 | E120: 43108 | F120: 3191213.4 | G120: 15903609 | H120: =IF(I120=3,G120+F120*M120,G120+F120) -> 19094822 | I120: 1 | J120: 43108 | N120: 0 | P120: =N120/366 -> 0
B121: 120 | C121: 30964 | D121: 1 | E121: 43136 | F121: 4549935.8 | G121: 22325849 | H121: =IF(I121=3,G121+F121*M121,G121+F121) -> 26875785 | I121: 1 | J121: 43136 | N121: 0 | P121: =N121/366 -> 0
B122: 121 | C122: 32756 | D122: 2 | E122: 43171 | F122: 3186369.7 | G122: 15329494 | H122: =IF(I122=3,G122+F122*M122,G122+F122) -> 18515864 | I122: 1 | J122: 43171 | N122: 0 | P122: =N122/366 -> 0
B123: 122 | C123: 30502 | D123: 2 | E123: 43178 | F123: 5928907.9 | G123: 28410027 | H123: =IF(I123=3,G123+F123*M123,G123+F123) -> 34338935 | I123: 1 | J123: 43178 | N123: 0 | P123: =N123/366 -> 0
B124: 123 | C124: 24951 | D124: 2 | E124: 43234 | F124: 10228625 | G124: 47444007 | H124: =IF(I124=3,G124+F124*M124,G124+F124) -> 57672632 | I124: 1 | J124: 43234 | N124: 0 | P124: =N124/366 -> 0
B125: 124 | C125: 32051 | D125: 2 | E125: 43276 | F125: 3484922.7 | G125: 15763308 | H125: =IF(I125=3,G125+F125*M125,G125+F125) -> 19248231 | I125: 1 | J125: 43276 | N125: 0 | P125: =N125/366 -> 0
... B132: 131 | C132: 30556 | D132: 2 | E132: 43325 | F132: 9777363.1 | G132: 42913248 | H132: =IF(I132=3,G132+F132*M132,G132+F132) -> 52690611 | I132: 1 | J132: 43325 | N132: 0 | P132: =N132/366 -> 0
B133: 132 | C133: 28221 | D133: 1 | E133: 43356 | F133: 16666670 | G133: 22222227 | H133: =IF(I133=3,G133+F133*M133,G133+F133) -> 55555567 | I133: 3 | J133: 44682 | K133: 48818301 | M133: 2 | N133: 0 | O133: 임원승진에 따른 직원퇴직금정산 | P133: =N133/366 -> 0
B134: 133 | C134: 32736 | D134: 1 | E134: 43405 | F134: 3160829.5 | G134: 13180226 | H134: =IF(I134=3,G134+F134*M134,G134+F134) -> 16341056 | I134: 1 | J134: 43405 | N134: 0 | P134: =N134/366 -> 0
B135: 134 | C135: 29061 | D135: 1 | E135: 43430 | F135: 7494042.4 | G135: 30735840 | H135: =IF(I135=3,G135+F135*M135,G135+F135) -> 38229882 | I135: 1 | J135: 43430 | N135: 0 | P135: =N135/366 -> 0
B136: 135 | C136: 30948 | D136: 2 | E136: 43437 | F136: 5161240 | G136: 21069172 | H136: =IF(I136=3,G136+F136*M136,G136+F136) -> 26230412 | I136: 1 | J136: 43437 | N136: 0 | P136: =N136/366 -> 0
B137: 136 | C137: 33483 | D137: 1 | E137: 43439 | F137: 4480424.8 | G137: 18265403 | H137: =IF(I137=3,G137+F137*M137,G137+F137) -> 22745828 | I137: 1 | J137: 43439 | N137: 0 | P137: =N137/366 -> 0
B138: 137 | C138: 33029 | D138: 1 | E138: 43445 | F138: 6426237.9 | G138: 26092287 | H138: =IF(I138=3,G138+F138*M138,G138+F138) -> 32518525 | I138: 1 | J138: 43445 | N138: 0 | P138: =N138/366 -> 0
B139: 138 | C139: 25750 | D139: 1 | E139: 43452 | F139: 10730580 | G139: 42481337 | H139: =IF(I139=3,G139+F139*M139,G139+F139) -> 53211917 | I139: 1 | J139: 43452 | N139: 30 | P139: =N139/366 -> 0.081967213
B140: 139 | C140: 34339 | D140: 1 | E140: 43453 | F140: 6667554.3 | G140: 26925959 | H140: =IF(I140=3,G140+F140*M140,G140+F140) -> 33593513 | I140: 1 | J140: 43453 | N140: 0 | P140: =N140/366 -> 0
B141: 140 | C141: 31471 | D141: 1 | E141: 43453 | F141: 7211721.6 | G141: 29123500 | H141: =IF(I141=3,G141+F141*M141,G141+F141) -> 36335222 | I141: 1 | J141: 43453 | N141: 0 | P141: =N141/366 -> 0
B142: 141 | C142: 26976 | D142: 1 | E142: 43460 | F142: 8872135.7 | G142: 35658693 | H142: =IF(I142=3,G142+F142*M142,G142+F142) -> 44530829 | I142: 1 | J142: 43460 | N142: 0 | P142: =N142/366 -> 0
B143: 142 | C143: 27202 | D143: 2 | E143: 37424 | F143: 13291598 | G143: 162958637 | H143: =IF(I143=3,G143+F143*M143,G143+F143) -> 1.7625024e+08 | I143: 1 | J143: 40452 | N143: 0 | P143: =N143/366 -> 0
B144: 143 | C144: 25574 | D144: 1 | E144: 34736 | F144: 23333340 | G144: 225900603 | H144: =IF(I144=3,G144+F144*M144,G144+F144) -> 284233953 | I144: 3 | J144: 43355 | M144: 2.5 | N144: 0 | P144: =N144/366 -> 0
B145: 144 | C145: 26795 | D145: 1 | E145: 39741 | F145: 9940025.8 | G145: 141230066 | H145: =IF(I145=3,G145+F145*M145,G145+F145) -> 1.5117009e+08 | I145: 1 | J145: 39741 | N145: 0 | P145: =N145/366 -> 0
B146: 145 | C146: 29402 | D146: 1 | E146: 43467 | F146: 6795601.9 | G146: 27182408 | H146: =IF(I146=3,G146+F146*M146,G146+F146) -> 33978010 | I146: 1 | J146: 43467 | N146: 0 | P146: =N146/366 -> 0
B147: 146 | C147: 30077 | D147: 1 | E147: 43467 | F147: 9250642.5 | G147: 37002570 | H147: =IF(I147=3,G147+F147*M147,G147+F147) -> 46253212 | I147: 1 | J147: 43467 | N147: 0 | P147: =N147/366 -> 0
B148: 147 | C148: 28163 | D148: 1 | E148: 43467 | F148: 7194971.1 | G148: 28779884 | H148: =IF(I148=3,G148+F148*M148,G148+F148) -> 35974855 | I148: 1 | J148: 43467 | N148: 0 | P148: =N148/366 -> 0
B149: 148 | C149: 28018 | D149: 2 | E149: 43479 | F149: 8303707.2 | G149: 32941830 | H149: =IF(I149=3,G149+F149*M149,G149+F149) -> 41245537 | I149: 1 | J149: 43479 | N149: 0 | P149: =N149/366 -> 0
B150: 149 | C150: 34517 | D150: 2 | E150: 43486 | F150: 3166550.1 | G150: 12501366 | H150: =IF(I150=3,G150+F150*M150,G150+F150) -> 15667916 | I150: 1 | J150: 43486 | N150: 0 | P150: =N150/366 -> 0
...

Sheet (2-3) 퇴직자 및 DC전환자 명부
A1: 참고사항 | B1: 사원번호 | C1: 생년월일 | D1: 성별 (1:남자, 2:여자) | E1: 입사일자 | F1: 퇴직일 또는 DC전환일 | G1: 퇴직금 또는 DC전환금 | H1: 종업원 구분 (1:직원, 3:임원, 4:계약직) | I1: 사유 (1: 퇴직, 2: DC전환) | J1: 제도구분 (1,2,3)
A2: ※ 양식 변경 절대 불가 | B2: 861 | C2: 24685 | D2: 1 | E2: 37803 | F2: 44834 | G2: 165385618 | H2: 1 | I2: 1
A3: 해당 회계연도에 발생한 사항 입력 | B3: 862 | C3: 23757 | D3: 1 | E3: 43801 | F3: 44834 | G3: 31354996 | H3: 4 | I3: 1
A4: 퇴직금(DC전환금)이 0인 경우에도 입력 | B4: 863 | C4: 29587 | D4: 1 | E4: 44378 | F4: 44834 | G4: 8737780 | H4: 4 | I4: 1 | K4: 케피탈복귀로 퇴직금이관
A5: 전액 확정기여형(DC)을 가입한 퇴직자 제외 | B5: 864 | C5: 26568 | D5: 1 | E5: 44396 | F5: 44838 | G5: 9525000 | H5: 4 | I5: 1
B6: 865 | C6: 30742 | D6: 2 | E6: 44508 | F6: 44848 | G6: 0 | H6: 1 | I6: 1
B7: 866 | C7: 29841 | D7: 1 | E7: 44743 | F7: 44851 | G7: 0 | H7: 1 | I7: 1
B8: 867 | C8: 32285 | D8: 2 | E8: 42877 | F8: 44866 | G8: 41042243 | H8: 1 | I8: 1
B9: 868 | C9: 33268 | D9: 2 | E9: 43335 | F9: 44866 | G9: 13839118 | H9: 1 | I9: 1
B10: 869 | C10: 32288 | D10: 2 | E10: 44179 | F10: 44866 | G10: 5586770 | H10: 4 | I10: 1
B11: 870 | C11: 30293 | D11: 1 | E11: 43460 | F11: 44871 | G11: 24414417 | H11: 1 | I11: 1
B12: 871 | C12: 26306 | D12: 1 | E12: 44312 | F12: 44874 | G12: 14434627 | H12: 1 | I12: 1
B13: 872 | C13: 32864 | D13: 2 | E13: 44448 | F13: 44875 | G13: 5093062 | H13: 1 | I13: 1
B14: 873 | C14: 29338 | D14: 1 | E14: 44382 | F14: 44876 | G14: 8575080 | H14: 1 | I14: 1
B15: 874 | C15: 35789 | D15: 2 | E15: 44697 | F15: 44895 | G15: 0 | H15: 1 | I15: 1
B16: 875 | C16: 26247 | D16: 1 | E16: 39077 | F16: 44895 | G16: 206697360 | H16: 1 | I16: 2
B17: 876 | C17: 30538 | D17: 1 | E17: 43206 | F17: 44897 | G17: 31625538 | H17: 1 | I17: 1
... B21: 402 | C21: 34362 | D21: 2 | E21: 43866 | F21: 44926 | G21: 13507040 | H21: 1 | I21: 1
B22: 403 | C22: 24634 | D22: 1 | E22: 37803 | F22: 44926 | G22: 147597294 | H22: 1 | I22: 1 | K22: 147597294 | L22: 1/2사외적립자산차감예정
B23: 404 | C23: 23364 | D23: 1 | E23: 43388 | F23: 44926 | G23: 63223026 | H23: 4 | I23: 1 | K23: 63223026 | L23: 1/2사외적립자산차감예정
B24: 405 | C24: 29355 | D24: 2 | E24: 44851 | F24: 44926 | G24: 0 | H24: 1 | I24: 1
B25: 406 | C25: 35163 | D25: 1 | E25: 44767 | F25: 44926 | G25: 0 | H25: 1 | I25: 1
B26: 407 | C26: 32166 | D26: 2 | E26: 44622 | F26: 44926 | G26: 0 | H26: 4 | I26: 1
B27: 408 | C27: 27397 | D27: 1 | E27: 44921 | F27: 5833333 | G27: 95890 | H27: =IF(I27=3,G27+F27*M27,G27+F27) -> 5929223 | I27: 4 | J27: 44921 | N27: 0 | P27: =N27/366 -> 0

Sheet (2-4) 추가 명부(장기근속)
A1: 참고사항 | B1: 사원번호 | C1: 생년월일 | D1: 성별 (1:남자, 2:여자) | E1: 입사일자 | F1: 기준급여 | G1: 사유발생일 시점 발생금액 | H1: 종업원 구분 (1:직원, 3:임원, 4:계약직) | I1: 중간정산기준일 | J1: 사유 (1:관계사전입, 2:관계사전출, 3:사업결합, 4:사업처분 5:기타장기종업원) | K1: 사유발생일 | L1: 직무그룹 | N1: 제도구분
A2: ※ 양식 변경 절대 불가 | B2: 409 | C2: 30962 | D2: 1 | E2: 40637 | F2: 7736629.8 | H2: 1 | I2: 40637 | J2: 5 | L2: 기획관리그룹
B3: 410 | C3: 26880 | D3: 1 | E3: 42062 | F3: 13533758 | H3: 1 | J3: 5 | L3: 실장 | N3: DC형
A4: 아래의 사항에 해당하는 경우 입력 | B4: 411 | C4: 27044 | D4: 1 | E4: 39034 | F4: 12309757 | H4: 1 | I4: 40452 | J4: 5 | L4: 기획관리그룹
A5: : 축소, 정산, 사업결합, 사업분할 | B5: 412 | C5: 29564 | D5: 1 | E5: 39574 | F5: 7345500.3 | H5: 1 | I5: 39574 | J5: 5 | L5: 기획관리그룹
A6: 해당 사유 발생일을 기준으로 입력 | B6: 413 | C6: 26828 | D6: 2 | E6: 37803 | F6: 6602487.7 | H6: 1 | I6: 40268 | J6: 5 | L6: 운영지원그룹
A7: 입사일자 | B7: 414 | C7: 26109 | D7: 2 | E7: 37803 | F7: 7833694.8 | H7: 1 | I7: 37803 | J7: 5 | L7: 기획관리그룹
A8: 최초 입사일자 입력 | B8: 415 | C8: 25911 | D8: 2 | E8: 37803 | F8: 6532637.7 | H8: 1 | I8: 39995 | J8: 5 | L8: 운영지원그룹
B9: 416 | C9: 24766 | D9: 1 | E9: 37803 | F9: 7538496.9 | H9: 1 | J9: 5 | L9: 기획관리그룹 | N9: DC형
A10: 기준급여 | B10: 417 | C10: 27008 | D10: 2 | E10: 37803 | F10: 6334743 | H10: 1 | I10: 37803 | J10: 5 | L10: 운영지원그룹
A11: 퇴직금 계산시 사용되는 평균임금 | B11: 418 | C11: 27132 | D11: 2 | E11: 37803 | F11: 6274895.1 | H11: 1 | I11: 37803 | J11: 5 | L11: 운영지원그룹
A12: 사유 발생일 기준 | B12: 419 | C12: 26956 | D12: 2 | E12: 37803 | F12: 6561839.8 | H12: 1 | I12: 39995 | J12: 5 | L12: 운영지원그룹
B13: 420 | C13: 24852 | D13: 1 | E13: 37803 | F13: 8171718.9 | H13: 1 | J13: 5 | L13: 기획관리그룹 | N13: DC형
B14: 421 | C14: 24748 | D14: 1 | E14: 37803 | F14: 7943603.2 | H14: 1 | J14: 5 | L14: 기획관리그룹 | N14: DC형
B15: 422 | C15: 24341 | D15: 1 | E15: 37803 | F15: 11152499 | H15: 1 | J15: 5 | L15: 부실장 | N15: DC형
A16: 당년도 퇴직금추계액 | B16: 423 | C16: 26970 | D16: 2 | E16: 37803 | F16: 7045977.6 | H16: 1 | I16: 37803 | J16: 5 | L16: 기획관리그룹
A17: 사유발생일 현재 퇴직금추계액 | B17: 424 | C17: 25734 | D17: 2 | E17: 37865 | F17: 8592587.4 | H17: 1 | I17: 37865 | J17: 5 | L17: 영업관리그룹
A18: (임원, 계약직 필수 입력) | B18: 425 | C18: 25213 | D18: 2 | E18: 37803 | F18: 6793644.5 | H18: 1 | I18: 37803 | J18: 5 | L18: 운영지원그룹
A19: 중간정산기준일 | B19: 426 | C19: 26343 | D19: 2 | E19: 37803 | F19: 6386893.8 | H19: 1 | I19: 39995 | J19: 5 | L19: 운영지원그룹
B20: 427 | C20: 25365 | D20: 1 | E20: 37803 | F20: 7914821.4 | H20: 1 | J20: 5 | L20: 기획관리그룹 | N20: DC형
B21: 428 | C21: 25292 | D21: 1 | E21: 37803 | F21: 7778194.8 | H21: 1 | J21: 5 | L21: 기획관리그룹 | N21: DC형
B22: 429 | C22: 27592 | D22: 2 | E22: 37803 | F22: 6665050.8 | H22: 1 | J22: 5 | L22: 운영지원그룹 | N22: DC형
A23: 입사 후 중간정산한 적이 있는 경우 반드시 입력 | B23: 430 | C23: 27504 | D23: 2 | E23: 37803 | F23: 6785991.6 | H23: 1 | I23: 39995 | J23: 5 | L23: 운영지원그룹
A24: 중간정산 당일로 입력 | B24: 431 | C24: 27775 | D24: 2 | E24: 37803 | F24: 6561880 | H24: 1 | I24: 37803 | J24: 5 | L24: 운영지원그룹
B25: 432 | C25: 27747 | D25: 2 | E25: 37803 | F25: 7173571.2 | H25: 1 | J25: 5 | L25: 기획관리그룹 | N25: DC형
B26: 433 | C26: 25571 | D26: 1 | E26: 37803 | F26: 7930676.9 | H26: 1 | J26: 5 | L26: 기획관리그룹 | N26: DC형
B27: 434 | C27: 28158 | D27: 2 | E27: 37803 | F27: 6166967.9 | H27: 1 | I27: 39995 | J27: 5 | L27: 운영지원그룹
B28: 435 | C28: 24938 | D28: 1 | E28: 37803 | F28: 8006557.3 | H28: 1 | J28: 5 | L28: 기획관리그룹 | N28: DC형
B29: 436 | C29: 25834 | D29: 1 | E29: 37803 | F29: 8859316.4 | H29: 1 | J29: 5 | L29: 기획관리그룹 | N29: DC형
B30: 437 | C30: 28176 | D30: 2 | E30: 37803 | F30: 10214152 | H30: 1 | I30: 37803 | J30: 5 | L30: 기획관리그룹
B31: 438 | C31: 24877 | D31: 1 | E31: 37803 | F31: 12835224 | H31: 1 | J31: 5 | L31: 실장 | N31: DC형
B32: 439 | C32: 25554 | D32: 1 | E32: 37803 | F32: 8320970.8 | H32: 1 | J32: 5 | L32: 기획관리그룹 | N32: DC형
B33: 440 | C33: 24835 | D33: 1 | E33: 37803 | F33: 8796689.7 | H33: 1 | J33: 5 | L33: 기획관리그룹 | N33: DC형
B34: 441 | C34: 25304 | D34: 1 | E34: 37803 | F34: 7706941.9 | H34: 1 | J34: 5 | L34: 기획관리그룹 | N34: DC형
B35: 442 | C35: 25294 | D35: 1 | E35: 37803 | F35: 8592963.3 | H35: 1 | J35: 5 | L35: 기획관리그룹 | N35: DC형
B36: 443 | C36: 25207 | D36: 1 | E36: 37803 | F36: 8121482.2 | H36: 1 | J36: 5 | L36: 기획관리그룹 | N36: DC형
B37: 444 | C37: 25114 | D37: 1 | E37: 37803 | F37: 10488480 | H37: 1 | I37: 39995 | J37: 5 | L37: 기획관리그룹
B38: 445 | C38: 25030 | D38: 1 | E38: 37803 | F38: 7132440.3 | H38: 1 | J38: 5 | L38: 기획관리그룹 | N38: DC형
B39: 446 | C39: 28358 | D39: 2 | E39: 37803 | F39: 7170772.1 | H39: 1 | I39: 37803 | J39: 5 | L39: 기획관리그룹
B40: 447 | C40: 25378 | D40: 1 | E40: 37803 | F40: 8305324 | H40: 1 | J40: 5 | L40: 기획관리그룹 | N40: DC형
B41: 448 | C41: 25842 | D41: 1 | E41: 37803 | F41: 8070402.8 | H41: 1 | J41: 5 | L41: 기획관리그룹 | N41: DC형
B42: 449 | C42: 25687 | D42: 1 | E42: 37803 | F42: 10415501 | H42: 1 | J42: 5 | L42: 기획관리그룹 | N42: DC형
B43: 450 | C43: 25182 | D43: 1 | E43: 37803 | F43: 8195293 | H43: 1 | J43: 5 | L43: 기획관리그룹 | N43: DC형
B44: 451 | C44: 26283 | D44: 1 | E44: 37803 | F44: 8116563.1 | H44: 1 | J44: 5 | L44: 기획관리그룹 | N44: DC형
B45: 452 | C45: 26607 | D45: 1 | E45: 37803 | F45: 10480327 | H45: 1 | J45: 5 | L45: 기획관리그룹 | N45: DC형
B46: 453 | C46: 25601 | D46: 1 | E46: 37803 | F46: 8282490 | H46: 1 | J46: 5 | L46: 기획관리그룹 | N46: DC형
B47: 454 | C47: 26833 | D47: 1 | E47: 37803 | F47: 8073624.2 | H47: 1 | J47: 5 | L47: 기획관리그룹 | N47: DC형
B48: 455 | C48: 26038 | D48: 1 | E48: 37803 | F48: 10348199 | H48: 1 | J48: 5 | L48: 영업관리그룹 | N48: DC형
B49: 456 | C49: 25844 | D49: 1 | E49: 37803 | F49: 10501142 | H49: 1 | I49: 39995 | J49: 5 | L49: 기획관리그룹
B50: 457 | C50: 26709 | D50: 1 | E50: 37803 | F50: 8241339.3 | H50: 1 | J50: 5 | L50: 기획관리그룹 | N50: DC형
B51: 458 | C51: 27607 | D51: 2 | E51: 37803 | F51: 6045081.7 | H51: 1 | I51: 37803 | J51: 5 | L51: 운영지원그룹
B52: 459 | C52: 24602 | D52: 1 | E52: 37803 | F52: 10426665 | H52: 1 | J52: 5 | L52: 기획관리그룹 | N52: DC형
B53: 460 | C53: 25607 | D53: 1 | E53: 37803 | F53: 8039957.7 | H53: 1 | J53: 5 | L53: 기획관리그룹 | N53: DC형
B54: 461 | C54: 24730 | D54: 1 | E54: 37803 | F54: 8394740.8 | H54: 1 | J54: 5 | L54: 영업관리그룹 | N54: DC형
B55: 462 | C55: 27654 | D55: 2 | E55: 37803 | F55: 7073588 | H55: 1 | I55: 39995 | J55: 5 | L55: 기획관리그룹
B56: 463 | C56: 26314 | D56: 2 | E56: 37803 | F56: 6870782 | H56: 1 | I56: 37803 | J56: 5 | L56: 운영지원그룹
B57: 464 | C57: 27065 | D57: 2 | E57: 37803 | F57: 7780086.7 | H57: 1 | J57: 5 | L57: 영업관리그룹 | N57: DC형
B58: 465 | C58: 27542 | D58: 2 | E58: 37803 | F58: 9484587.7 | H58: 1 | I58: 39995 | J58: 5 | L58: 기획관리그룹
B59: 466 | C59: 27619 | D59: 2 | E59: 37803 | F59: 7504276.7 | H59: 1 | I59: 39995 | J59: 5 | L59: 기획관리그룹
B60: 467 | C60: 25249 | D60: 1 | E60: 37895 | F60: 8157089.7 | H60: 1 | J60: 5 | L60: 기획관리그룹 | N60: DC형
B61: 468 | C61: 28656 | D61: 1 | E61: 37895 | F61: 9668023.2 | H61: 1 | I61: 39995 | J61: 5 | L61: 기획관리그룹
B62: 469 | C62: 25373 | D62: 1 | E62: 37895 | F62: 16666670 | H62: 3 | I62: 44682 | J62: 5 | L62: 실장
B63: 470 | C63: 26858 | D63: 1 | E63: 38740 | F63: 7802397.5 | H63: 1 | J63: 5 | L63: 기획관리그룹 | N63: DC형
B64: 471 | C64: 29169 | D64: 2 | E64: 38749 | F64: 9795410 | H64: 1 | I64: 38749 | J64: 5 | L64: 기획관리그룹
B65: 472 | C65: 29124 | D65: 2 | E65: 38749 | F65: 9530202.9 | H65: 1 | I65: 38749 | J65: 5 | L65: 기획관리그룹
B66: 473 | C66: 28571 | D66: 1 | E66: 38749 | F66: 7564061.8 | H66: 1 | I66: 38749 | J66: 5 | L66: 기획관리그룹
B67: 474 | C67: 29277 | D67: 1 | E67: 39301 | F67: 7466518.5 | G67: =2178000+1592500 -> 3770500 | H67: 1 | I67: 39301 | J67: 5 | L67: 기획관리그룹 | M67: 15년
B68: 475 | C68: 30524 | D68: 2 | E68: 39295 | F68: 5025138 | G68: =1458440+1592500 -> 3050940 | H68: 1 | J68: 5 | L68: 운영지원그룹 | M68: 15년 | N68: DC형
B69: 476 | C69: 29487 | D69: 1 | E69: 39489 | F69: 8128924.4 | H69: 1 | I69: 39489 | J69: 5 | L69: 기획관리그룹
B70: 477 | C70: 30077 | D70: 1 | E70: 39489 | F70: 8331913.3 | H70: 1 | J70: 5 | L70: 기획관리그룹 | N70: DC형
B71: 478 | C71: 30082 | D71: 1 | E71: 39489 | F71: 7303345.3 | H71: 1 | I71: 39489 | J71: 5 | L71: 기획관리그룹
B72: 479 | C72: 28801 | D72: 1 | E72: 39542 | F72: 5753045.2 | H72: 1 | J72: 5 | L72: 운영지원그룹 | N72: DC형
B73: 480 | C73: 29657 | D73: 2 | E73: 39575 | F73: 4872108.6 | H73: 1 | I73: 39575 | J73: 5 | L73: 운영지원그룹
B74: 481 | C74: 28203 | D74: 1 | E74: 39713 | F74: 9180632 | H74: 1 | I74: 39713 | J74: 5 | L74: 기획관리그룹
B75: 482 | C75: 31452 | D75: 2 | E75: 39972 | F75: 4795939.8 | H75: 1 | I75: 39972 | J75: 5 | L75: 운영지원그룹
B76: 483 | C76: 30831 | D76: 2 | E76: 40227 | F76: 3416324 | H76: 1 | I76: 40227 | J76: 5 | L76: 운영지원그룹
B77: 484 | C77: 31743 | D77: 2 | E77: 40429 | F77: 7730944.3 | H77: 1 | I77: 40429 | J77: 5 | L77: 기획관리그룹
B78: 485 | C78: 29809 | D78: 1 | E78: 40546 | F78: 8384847.2 | H78: 1 | I78: 40546 | J78: 5 | L78: 기획관리그룹
B79: 486 | C79: 30513 | D79: 1 | E79: 40644 | F79: 6888194.4 | H79: 1 | I79: 40644 | J79: 5 | L79: 기획관리그룹
B80: 487 | C80: 30398 | D80: 1 | E80: 40644 | F80: 6821583.2 | H80: 1 | I80: 40644 | J80: 5 | L80: 기획관리그룹
B81: 488 | C81: 31194 | D81: 1 | E81: 40644 | F81: 6951337.3 | H81: 1 | I81: 40644 | J81: 5 | L81: 기획관리그룹
B82: 489 | C82: 31740 | D82: 1 | E82: 40644 | F82: 6915877.2 | H82: 1 | I82: 40644 | J82: 5 | L82: 기획관리그룹
B83: 490 | C83: 30550 | D83: 1 | E83: 40644 | F83: 7142410.3 | H83: 1 | I83: 40644 | J83: 5 | L83: 영업관리그룹
B84: 491 | C84: 32296 | D84: 2 | E84: 40644 | F84: 6797097.4 | H84: 1 | I84: 40644 | J84: 5 | L84: 기획관리그룹
... B86: 493 | C86: 27192 | D86: 1 | E86: 40854 | F86: 8327326.7 | H86: 1 | I86: 40854 | J86: 5 | L86: 기획관리그룹
B87: 494 | C87: 25725 | D87: 1 | E87: 40969 | F87: 14631176 | G87: =5182140+3185000 -> 8367140 | H87: 1 | J87: 5 | L87: 실장 | M87: 20년 | N87: DC형
B88: 495 | C88: 24500 | D88: 1 | E88: 40970 | F88: 14595360 | H88: 1 | J88: 5 | L88: 실장 | N88: DC형
B89: 496 | C89: 27015 | D89: 1 | E89: 38719 | F89: 10226572 | H89: 1 | I89: 38719 | J89: 5 | L89: 기획관리그룹
B90: 497 | C90: 27463 | D90: 1 | E90: 37342 | F90: 10409000 | G90: =3611700+3185000 -> 6796700 | H90: 1 | I90: 37342 | J90: 5 | L90: 기획관리그룹 | M90: 20년
B91: 498 | C91: 31775 | D91: 2 | E91: 41081 | F91: 3671758.7 | G91: =630790+318500 -> 949290 | H91: 1 | I91: 41081 | J91: 5 | L91: 운영지원그룹 | M91: 10년
B92: 499 | C92: 32442 | D92: 2 | E92: 41092 | F92: 4658147.3 | G92: =812990+318500 -> 1131490 | H92: 1 | I92: 41092 | J92: 5 | L92: 운영지원그룹 | M92: 10년
B93: 500 | C93: 24660 | D93: 1 | E93: 37285 | F93: 23333340 | G93: =10383340+3185000 -> 13568340 | H93: 3 | I93: 43157 | J93: 5 | L93: 실장 | M93: 20년
B94: 501 | C94: 24845 | D94: 1 | E94: 41141 | F94: 17083340 | G94: =3245840+318500 -> 3564340 | H94: 3 | I94: 44197 | J94: 5 | L94: 부본부장 | M94: 10년
B95: 502 | C95: 26987 | D95: 1 | E95: 37242 | F95: 9140063.6 | G95: 3560160 | H95: 1 | I95: 40087 | J95: 5 | L95: 기획관리그룹 | M95: 20년
B96: 503 | C96: 26247 | D96: 1 | E96: 41162 | F96: 12918584 | G96: 3033160 | H96: 1 | J96: 5 | L96: 기획관리그룹 | M96: 15년 | N96: DC형
B97: 504 | C97: 32403 | D97: 2 | E97: 41177 | F97: 10625853 | G97: =615560+318500 -> 934060 | H97: 1 | I97: 41177 | J97: 5 | L97: 운영지원그룹 | M97: 10년
B98: 505 | C98: 31211 | D98: 2 | E98: 41239 | F98: 4614047.1 | G98: =811400+318500 -> 1129900 | H98: 1 | I98: 41239 | J98: 5 | L98: 운영지원그룹 | M98: 10년
B99: 506 | C99: 25927 | D99: 1 | E99: 37018 | F99: 9621557.8 | H99: 1 | I99: 41246 | J99: 5 | L99: 기획관리그룹
B100: 507 | C100: 30327 | D100: 2 | E100: 41246 | F100: 3776978.3 | G100: 318500 | H100: 1 | I100: 41246 | J100: 5 | L100: 운영지원그룹
B101: 508 | C101: 27740 | D101: 2 | E101: 38261 | F101: 5146634.4 | H101: 1 | I101: 38261 | J101: 5 | L101: 운영지원그룹
...
